Code,Sequence,Donor,decision making Via,Flow Oversight,Partner,ERR state Implementer(s),ERR Office and Community Space Activities,Allocation Amount,% Allocation,Notes,Payment Request No,Column 1,التحقق,رابط المستند,,
LCC.AD.VTL.26-07-2024-01,LCC.AD.26-07-2024-01-01,Vitol,MAC,Lo-hub,P2H,Khartoum,Flexible,"$127,398.04",#REF!,Weekly allocation,2024-P2H-A,,,,,
LCC.AD.VTL.26-07-2024-01,LCC.AD.26-07-2024-01-02,Vitol,MAC,Lo-hub,P2H,West Kordofan,Flexible,"$14,690.78",#REF!,Weekly allocation,2024-P2H-A,,,,,
LCC.AD.VTL.26-07-2024-01,LCC.AD.26-07-2024-01-03,Vitol,MAC,Lo-hub,P2H,Sinar,Flexible,"$29,420.00",#REF!,Weekly allocation,2024-P2H-A,,,,,
LCC.AD.VTL.26-07-2024-01,LCC.AD.26-07-2024-01-04,Vitol,MAC,Lo-hub,P2H,Blue Nile,Flexible,"$14,691.18",#REF!,Weekly allocation,,,,,,
LCC.AD.DKH.12-08-2024-02,LCC.AD.12-08-2024-02-01,DKH,MAC,Lo-hub,P2H,South Darfur,Flexible,"$65,499.81",#REF!,Weekly allocation,,,,,,40
LCC.AD.DKH.12-08-2024-02,LCC.AD.12-08-2024-02-02,DKH,MAC,Lo-hub,P2H,North Darfur,Flexible,"$51,886.02",#REF!,Weekly allocation,,,,,,
LCC.AD.DKH.12-08-2024-02,LCC.AD.12-08-2024-02-03,DKH,MAC,Lo-hub,P2H,East Darfur,Flexible,"$85,000.00",#REF!,Weekly allocation,,,,,,
LCC.AD.DKH.12-08-2024-02,LCC.AD.12-08-2024-02-04,DKH,MAC,Lo-hub,P2H,Khartoum,Flexible,"$160,666.83",#REF!,Weekly allocation,,,,,,
LCC.AD.DKH.12-08-2024-02,LCC.AD.12-08-2024-02-05,DKH,MAC,Lo-hub,P2H,Sinar,Flexible,"$41,674.36",#REF!,Weekly allocation,,,,,,
LCC.AD.DKH.12-08-2024-02,LCC.AD.12-08-2024-02-06,DKH,MAC,Lo-hub,P2H,West Kordofan,Flexible,"$29,493.00",#REF!,Weekly allocation,,,,,,
LCC.AD.DKH.12-08-2024-02,LCC.AD.12-08-2024-02-07,DKH,MAC,Lo-hub,P2H,Kassala,Flexible,"$25,323.25",#REF!,Weekly allocation,,,,,,
LCC.AD.DKH.12-08-2024-02,LCC.AD.12-08-2024-02-08,DKH,MAC,Lo-hub,P2H,Blue Nile,Flexible,"$24,342.50",#REF!,Weekly allocation,,,,,,
LCC.AD.DKH.12-08-2024-02,LCC.AD.12-08-2024-02-09,DKH,MAC,Lo-hub,P2H,Gadarif,Flexible,"$4,850.19",#REF!,Weekly allocation,,,,,,
LCC.AD.P2H.12-11-24-03,LCC.AD.P2H.12-11-24-03-01,P2H Funds,MAC,Lo-hub,P2H,Al Jazirah,Flexible,"$19,600.00",#REF!,Approved post-implementation,,,,,,
LCC.AD.P2H.10-12-24-04,LCC.AD.12-11-24-04-01,P2H Funds,MAC,Lo-hub,P2H,Khartoum,Flexible,"$100,000.00",#REF!,Weekly allocation,,,,,,
LCC.AD.P2H.10-12-24-05,LCC.AD.P2H.10-12-24-05-01,P2H Funds,MAC,Lo-hub,P2H,South Darfur,Flexible,"$51,895.16",#REF!,Weekly allocation,,,,,,
LCC.AD.P2H.10-12-24-05,LCC.AD.P2H.10-12-24-05-02,P2H Funds,MAC,Lo-hub,P2H,North Darfur,Flexible,"$89,652.84",#REF!,Weekly allocation,,,,,,
LCC.AD.P2H.10-12-24-05,LCC.AD.P2H.10-12-24-05-03,P2H Funds,MAC,Lo-hub,P2H,East Darfur,Flexible,"$3,652.00",#REF!,Weekly allocation,,,,,,
LCC.AD.P2H.10-12-24-05,LCC.AD.P2H.10-12-24-05-04,P2H Funds,MAC,Lo-hub,P2H,Central Darfur,Flexible,"$4,800.00",#REF!,Weekly allocation,,,,,,
LCC.AD.P2H.10-12-24-05,LCC.AD.P2H.10-12-24-05-05,P2H Funds,MAC,Lo-hub,P2H,West Kordofan,Flexible,"$30,000.00",#REF!,Weekly allocation,,,,,,
LCC.AD.P2H.10-12-24-05,LCC.AD.P2H.10-12-24-05-06,P2H Funds,MAC,Lo-hub,P2H,Kassala,Flexible,"$20,000.00",#REF!,Weekly allocation,,,,,,
LCC.AD.P2H.16-01-25-06,LCC.AD.P2H.16-01-25-06-01,P2H Funds,MAC,Lo-hub,P2H,South Darfur,Flexible,"$30,050.00",#REF!,Weekly allocation,,,,,,
LCC.AD.P2H.16-01-25-06,LCC.AD.P2H.16-01-25-06-02,P2H Funds,MAC,Lo-hub,P2H,North Darfur,Flexible,"$42,000.00",#REF!,Weekly allocation,,,,,,
LCC.AD.P2H.16-01-25-06,LCC.AD.P2H.16-01-25-06-03,P2H Funds,MAC,Lo-hub,P2H,East Darfur,Flexible,"$53,300.00",#REF!,Weekly allocation,,,,,,
LCC.AD.P2H.16-01-25-06,LCC.AD.P2H.16-01-25-06-04,P2H Funds,MAC,Lo-hub,P2H,Central Darfur,Flexible,"$18,150.00",#REF!,Weekly allocation,,,,,,
LCC.AD.P2H.16-01-25-06,LCC.AD.P2H.16-01-25-06-05,P2H Funds,MAC,Lo-hub,P2H,Khartoum,Flexible,"$150,500.00",#REF!,Weekly allocation,,,,,,
LCC.AD.P2H.16-01-25-06,LCC.AD.P2H.16-01-25-06-06,P2H Funds,MAC,Lo-hub,P2H,Sinar,Flexible,"$43,000.00",#REF!,Weekly allocation,,,,,,
LCC.AD.P2H.16-01-25-06,LCC.AD.P2H.16-01-25-06-07,P2H Funds,MAC,Lo-hub,P2H,West Kordofan,Flexible,"$43,000.00",#REF!,Weekly allocation,,,,,,
LCC.AD.P2H.16-01-25-06,LCC.AD.P2H.16-01-25-06-08,P2H Funds,MAC,Lo-hub,P2H,Kassala,Flexible,"$43,000.00",#REF!,Weekly allocation,,,,,,
LCC.AD.P2H.16-01-25-06,LCC.AD.P2H.16-01-25-06-09,P2H Funds,MAC,Lo-hub,P2H,LCC,Capacity Building,"$3,050.00",#REF!,Weekly allocation,,"تم التبرع لصالح شرق دارفور 500$,تم التبرع لصالح مستوصف نيالا بقيمة 3450",,,,
LCC.AD.DKH.08-03-25-08,LCC.AD.12-11-24-07-01,DKH,MAC,Lo-hub,P2H,South Darfur,Flexible,"$30,450.00",#REF!,Weekly allocation,,تم اضافة التبرع بقيمة 3450$ من صندوق الاستدامة,,,,
LCC.AD.DKH.08-03-25-08,LCC.AD.12-11-24-07-02,DKH,MAC,Lo-hub,P2H,North Darfur,Flexible,"$45,000.00",#REF!,Weekly allocation,,,,,,
LCC.AD.DKH.08-03-25-08,LCC.AD.12-11-24-07-03,DKH,MAC,Lo-hub,P2H,East Darfur,Flexible,"$27,500.00",#REF!,Weekly allocation,,تمت اضافة مبلغ 500$ من صندوق الاستدامة,,,,
LCC.AD.DKH.08-03-25-08,LCC.AD.12-11-24-07-04,DKH,MAC,Lo-hub,P2H,Central Darfur,Flexible,"$27,000.00",#REF!,Weekly allocation,,,,,,
LCC.AD.DKH.08-03-25-08,LCC.AD.12-11-24-07-05,DKH,MAC,Lo-hub,P2H,West Darfur,Flexible,"$27,000.00",#REF!,Weekly allocation,,,,,,
LCC.AD.DKH.08-03-25-08,LCC.AD.12-11-24-07-06,DKH,MAC,Lo-hub,P2H,Khartoum,Flexible,"$55,000.00",#REF!,Weekly allocation,,,,,,
LCC.AD.DKH.08-03-25-08,LCC.AD.12-11-24-07-07,DKH,MAC,Lo-hub,P2H,Sinar,Flexible,"$27,000.00",#REF!,Weekly allocation,,,,,,
LCC.AD.DKH.08-03-25-08,LCC.AD.12-11-24-07-08,DKH,MAC,Lo-hub,P2H,West Kordofan,Flexible,"$27,000.00",#REF!,Weekly allocation,,,,,,
LCC.AD.DKH.08-03-25-08,LCC.AD.12-11-24-07-09,DKH,MAC,Lo-hub,P2H,Kassala,Flexible,"$27,000.00",#REF!,Weekly allocation,,,,,,
LCC.AD.DKH.08-03-25-08,LCC.AD.12-11-24-07-10,DKH,MAC,Lo-hub,P2H,Al Jazirah,Flexible,"$27,000.00",#REF!,Weekly allocation,,,,,,
LCC.AD.DKH.08-03-25-08,LCC.AD.12-11-24-07-11,DKH,MAC,Lo-hub,P2H,River Nile,Flexible,"$27,000.00",#REF!,Weekly allocation,,,,,,
LCC.AD.DKH.08-03-25-08,LCC.AD.12-11-24-07-12,DKH,MAC,Lo-hub,P2H,North Kordofan,Flexible,"$10,200.00",#REF!,Weekly allocation,,,,,,
LCC.AD.LGT.24-02-25-07,LCC.AD.12-11-24-08-01,Legatum 2,MAC,Lo-hub,P2H,South Darfur,Flexible,"$19,000.00",#REF!,Weekly allocation,,,,,,
LCC.AD.LGT.24-02-25-07,LCC.AD.12-11-24-08-02,Legatum 2,MAC,Lo-hub,P2H,North Darfur,Flexible,"$19,000.00",#REF!,Weekly allocation,,,,,,
LCC.AD.LGT.24-02-25-07,LCC.AD.12-11-24-08-03,Legatum 2,MAC,Lo-hub,P2H,East Darfur,Flexible,"$19,000.00",#REF!,Weekly allocation,,,,,,
LCC.AD.LGT.24-02-25-07,LCC.AD.12-11-24-08-04,Legatum 2,MAC,Lo-hub,P2H,Central Darfur,Flexible,"$19,000.00",#REF!,Weekly allocation,,,,,,
LCC.AD.LGT.24-02-25-07,LCC.AD.12-11-24-08-05,Legatum 2,MAC,Lo-hub,P2H,West Darfur,Flexible,"$19,000.00",#REF!,Weekly allocation,,,,,,
LCC.AD.LGT.24-02-25-07,LCC.AD.12-11-24-08-06,Legatum 2,MAC,Lo-hub,P2H,Khartoum,Flexible,"$19,000.00",#REF!,Weekly allocation,,,,,,
LCC.AD.LGT.24-02-25-07,LCC.AD.12-11-24-08-07,Legatum 2,MAC,Lo-hub,P2H,Sinar,Flexible,"$19,000.00",#REF!,Weekly allocation,,,,,,
LCC.AD.LGT.24-02-25-07,LCC.AD.12-11-24-08-08,Legatum 2,MAC,Lo-hub,P2H,West Kordofan,Flexible,"$19,000.00",#REF!,Weekly allocation,,,,,,
LCC.AD.LGT.24-02-25-07,LCC.AD.12-11-24-08-09,Legatum 2,MAC,Lo-hub,P2H,Kassala,Flexible,"$19,000.00",#REF!,Weekly allocation,,,,,,
LCC.AD.LGT.24-02-25-07,LCC.AD.12-11-24-08-10,Legatum 2,MAC,Lo-hub,P2H,Al Jazirah,Flexible,"$19,000.00",#REF!,Weekly allocation,,,,,,
LCC.AD.LGT.24-02-25-07,LCC.AD.12-11-24-08-11,Legatum 2,MAC,Lo-hub,P2H,White Nile,Flexible,"$6,000.00",#REF!,Weekly allocation,,,,,,
LCC.AD.LGT.24-02-25-07,LCC.AD.12-11-24-08-12,Legatum 2,MAC,Lo-hub,P2H,River Nile,Flexible,"$19,000.00",#REF!,Weekly allocation,,,,,,
LCC.AD.P2H.15-04-25-09,LCC.AD.12-11-24-09-01,P2H Funds,MAC,Lo-hub,P2H,North Darfur,Flexible,"$95,050.00",#REF!,Weekly allocation,,,,,,
LCC.AD.P2H.15-04-25-09,LCC.AD.12-11-24-09-02,P2H Funds,MAC,Lo-hub,P2H,South Darfur,Flexible,"$18,758.00",#REF!,Weekly allocation,,,,,,
LCC.AD.P2H.15-04-25-09,LCC.AD.12-11-24-09-03,P2H Funds,MAC,Lo-hub,P2H,East Darfur,Flexible,"$15,000.00",#REF!,Weekly allocation,,,,,,
LCC.AD.P2H.15-04-25-09,LCC.AD.12-11-24-09-04,P2H Funds,MAC,Lo-hub,P2H,Central Darfur,Flexible,"$15,242.00",#REF!,Weekly allocation,,,,,,
LCC.AD.P2H.15-04-25-09,LCC.AD.12-11-24-09-05,P2H Funds,MAC,Lo-hub,P2H,East Darfur,Flexible,"$10,500.00",#REF!,Weekly allocation,,,,,,
LCC.AD.P2H.15-04-25-09,LCC.AD.12-11-24-09-06,P2H Funds,MAC,Lo-hub,P2H,Khartoum,Flexible,"$30,500.00",#REF!,Weekly allocation,,,,,,
LCC.AD.P2H.15-04-25-09,LCC.AD.12-11-24-09-07,P2H Funds,MAC,Lo-hub,P2H,Sinar,Flexible,"$9,683.00",#REF!,Weekly allocation,,,,,,
LCC.AD.P2H.15-04-25-09,LCC.AD.12-11-24-09-08,P2H Funds,MAC,Lo-hub,P2H,South Kordofan,Flexible,"$10,267.00",#REF!,Weekly allocation,,,,,,
LCC.AD.P2H.15-04-25-09,LCC.AD.12-11-24-09-09,P2H Funds,MAC,Lo-hub,P2H,LCC,Capacity Building,"$9,000.00",#REF!,Weekly allocation,,,,,,
LCC.AD.P2H.14-05-25-10,LCC.AD.12-11-24-10-01,P2H Funds,MAC,Lo-hub,P2H,Khartoum,Flexible,"$24,465.00",#REF!,Weekly allocation,,,,,,
LCC.AD.P2H.14-05-25-10,LCC.AD.12-11-24-10-02,P2H Funds,MAC,Lo-hub,P2H,Al Jazirah,Flexible,"$13,230.00",#REF!,Weekly allocation,,,,,,
LCC.AD.P2H.14-05-25-10,LCC.AD.12-11-24-10-03,P2H Funds,MAC,Lo-hub,P2H,River Nile,Flexible,"$10,743.00",#REF!,Weekly allocation,,,,,,
LCC.AD.P2H.14-05-25-10,LCC.AD.12-11-24-10-04,P2H Funds,MAC,Lo-hub,P2H,Kassala,Flexible,"$13,014.00",#REF!,Weekly allocation,,,,,,
LCC.AD.P2H.14-05-25-10,LCC.AD.12-11-24-10-05,P2H Funds,MAC,Lo-hub,P2H,East Darfur,Flexible,"$18,296.00",#REF!,Weekly allocation,,,,,,
LCC.AD.P2H.14-05-25-10,LCC.AD.12-11-24-10-06,P2H Funds,MAC,Lo-hub,P2H,West Kordofan,Flexible,"$16,118.00",#REF!,Weekly allocation,,,,,,
LCC.AD.P2H.14-05-25-10,LCC.AD.12-11-24-10-07,P2H Funds,MAC,Lo-hub,P2H,LCC,Capacity Building,"$4,134.00",#REF!,Weekly allocation,,,,,,
LCC.AD.P2H.14-05-25-11,LCC.AD.12-11-24-11-01,P2H Funds,MAC,Lo-hub,P2H,LCC,Capacity Building,"$10,000.00",#REF!,Weekly allocation,,,,,,
LCC.AD.P2H.14-05-25-11,LCC.AD.12-11-24-11-02,P2H Funds,MAC,Lo-hub,P2H,Khartoum,Flexible,"$43,902.00",#REF!,Weekly allocation,,,,,,
LCC.AD.P2H.14-05-25-11,LCC.AD.12-11-24-11-03,P2H Funds,MAC,Lo-hub,P2H,Al Jazirah,Flexible,"$20,293.00",#REF!,Weekly allocation,,,,,,
LCC.AD.P2H.14-05-25-11,LCC.AD.12-11-24-11-04,P2H Funds,MAC,Lo-hub,P2H,North Kordofan,Flexible,"$16,098.00",#REF!,Weekly allocation,,,,,,
LCC.AD.P2H.14-05-25-11,LCC.AD.12-11-24-11-05,P2H Funds,MAC,Lo-hub,P2H,West Kordofan,Flexible,"$24,134.00",#REF!,Weekly allocation,,,,,,
LCC.AD.P2H.14-05-25-11,LCC.AD.12-11-24-11-06,P2H Funds,MAC,Lo-hub,P2H,South Kordofan,Flexible,"$7,082.00",#REF!,Weekly allocation,,,,,,
LCC.AD.P2H.14-05-25-11,LCC.AD.12-11-24-11-07,P2H Funds,MAC,Lo-hub,P2H,River Nile,Flexible,"$14,993.00",#REF!,Weekly allocation,,,,,,
LCC.AD.P2H.14-05-25-11,LCC.AD.12-11-24-11-08,P2H Funds,MAC,Lo-hub,P2H,Kassala,Flexible,"$6,056.00",#REF!,Weekly allocation,,,,,,
LCC.AD.P2H.14-05-25-11,LCC.AD.12-11-24-11-09,P2H Funds,MAC,Lo-hub,P2H,East Darfur,Flexible,"$24,649.00",#REF!,Weekly allocation,,,,,,
LCC.AD.P2H.14-05-25-11,LCC.AD.12-11-24-11-10,P2H Funds,MAC,Lo-hub,P2H,North Darfur,Flexible,"$33,199.00",#REF!,Weekly allocation,,,,,,
LCC.AD.P2H.14-05-25-11,LCC.AD.12-11-24-11-11,P2H Funds,MAC,Lo-hub,P2H,South Darfur,Flexible,"$31,278.00",#REF!,Weekly allocation,,,,,,
LCC.AD.P2H.14-05-25-11,LCC.AD.12-11-24-11-12,P2H Funds,MAC,Lo-hub,P2H,Central Darfur,Flexible,"$27,702.00",#REF!,Weekly allocation,,,,,,
LCC.AD.P2H.14-05-25-11,LCC.AD.12-11-24-11-13,P2H Funds,MAC,Lo-hub,P2H,West Darfur,Flexible,"$20,306.00",#REF!,Weekly allocation,,,,,,
LCC.AD.P2H.14-05-25-11,LCC.AD.12-11-24-11-14,P2H Funds,MAC,Lo-hub,P2H,Sinar,Flexible,"$20,308.00",#REF!,Weekly allocation,,,,,,
LCC.AD.P2H.11-06-25-12,LCC.AD.12-11-24-12-01,P2H Funds,MAC,Lo-hub,P2H,LCC,Capacity Building,"$5,000.00",#REF!,Weekly allocation,,,,,,
LCC.AD.P2H.11-06-25-12,LCC.AD.12-11-24-12-02,P2H Funds,MAC,Lo-hub,P2H,Khartoum,Flexible,"$13,462.00",#REF!,Weekly allocation,,,,,,
LCC.AD.P2H.11-06-25-12,LCC.AD.12-11-24-12-03,P2H Funds,MAC,Lo-hub,P2H,Al Jazirah,Flexible,"$7,204.00",#REF!,Weekly allocation,,,,,,
LCC.AD.P2H.11-06-25-12,LCC.AD.12-11-24-12-04,P2H Funds,MAC,Lo-hub,P2H,North Kordofan,Flexible,"$5,744.00",#REF!,Weekly allocation,,,,,,
LCC.AD.P2H.11-06-25-12,LCC.AD.12-11-24-12-05,P2H Funds,MAC,Lo-hub,P2H,West Kordofan,Flexible,"$7,276.00",#REF!,Weekly allocation,,,,,,
LCC.AD.P2H.11-06-25-12,LCC.AD.12-11-24-12-06,P2H Funds,MAC,Lo-hub,P2H,South Kordofan,Flexible,"$5,751.00",#REF!,Weekly allocation,,,,,,
LCC.AD.P2H.11-06-25-12,LCC.AD.12-11-24-12-07,P2H Funds,MAC,Lo-hub,P2H,River Nile,Flexible,"$5,500.00",#REF!,Weekly allocation,,,,,,
LCC.AD.P2H.11-06-25-12,LCC.AD.12-11-24-12-08,P2H Funds,MAC,Lo-hub,P2H,Kassala,Flexible,"$4,674.00",#REF!,Weekly allocation,,,,,,
LCC.AD.P2H.11-06-25-12,LCC.AD.12-11-24-12-09,P2H Funds,MAC,Lo-hub,P2H,East Darfur,Flexible,"$14,126.00",#REF!,Weekly allocation,,,,,,
LCC.AD.P2H.11-06-25-12,LCC.AD.12-11-24-12-10,P2H Funds,MAC,Lo-hub,P2H,North Darfur,Flexible,"$7,754.00",#REF!,Weekly allocation,,,,,,
LCC.AD.P2H.11-06-25-12,LCC.AD.12-11-24-12-11,P2H Funds,MAC,Lo-hub,P2H,South Darfur,Flexible,"$10,223.00",#REF!,Weekly allocation,,,,,,
LCC.AD.P2H.11-06-25-12,LCC.AD.12-11-24-12-12,P2H Funds,MAC,Lo-hub,P2H,Central Darfur,Flexible,"$6,997.00",#REF!,Weekly allocation,,,,,,
LCC.AD.P2H.11-06-25-12,LCC.AD.12-11-24-12-13,P2H Funds,MAC,Lo-hub,P2H,Sinar,Flexible,"$6,289.00",#REF!,Weekly allocation,,,,,,
LCC.AD.P2H.18-06-25-13,LCC.AD.12-11-24-13-01,P2H Funds,MAC,Lo-hub,P2H,LCC,Capacity Building,"$5,000.00",#REF!,Weekly allocation,,,,,,
LCC.AD.P2H.18-06-25-13,LCC.AD.12-11-24-13-02,P2H Funds,MAC,Lo-hub,P2H,Khartoum,Flexible,"$11,411.00",#REF!,Weekly allocation,,,,,,
LCC.AD.P2H.18-06-25-13,LCC.AD.12-11-24-13-03,P2H Funds,MAC,Lo-hub,P2H,Al Jazirah,Flexible,"$7,440.00",#REF!,Weekly allocation,,,,,,
LCC.AD.P2H.18-06-25-13,LCC.AD.12-11-24-13-04,P2H Funds,MAC,Lo-hub,P2H,North Kordofan,Flexible,"$5,505.00",#REF!,Weekly allocation,,,,,,
LCC.AD.P2H.18-06-25-13,LCC.AD.12-11-24-13-05,P2H Funds,MAC,Lo-hub,P2H,West Kordofan,Flexible,"$11,257.00",#REF!,Weekly allocation,,,,,,
LCC.AD.P2H.18-06-25-13,LCC.AD.12-11-24-13-06,P2H Funds,MAC,Lo-hub,P2H,South Kordofan,Flexible,"$6,983.00",#REF!,Weekly allocation,,,,,,
LCC.AD.P2H.18-06-25-13,LCC.AD.12-11-24-13-07,P2H Funds,MAC,Lo-hub,P2H,River Nile,Flexible,"$4,677.00",#REF!,Weekly allocation,,,,,,
LCC.AD.P2H.18-06-25-13,LCC.AD.12-11-24-13-08,P2H Funds,MAC,Lo-hub,P2H,Kassala,Flexible,"$3,818.00",#REF!,Weekly allocation,,,,,,
LCC.AD.P2H.18-06-25-13,LCC.AD.12-11-24-13-09,P2H Funds,MAC,Lo-hub,P2H,East Darfur,Flexible,"$11,440.00",#REF!,Weekly allocation,,,,,,
LCC.AD.P2H.18-06-25-13,LCC.AD.12-11-24-13-10,P2H Funds,MAC,Lo-hub,P2H,North Darfur,Flexible,"$10,191.00",#REF!,Weekly allocation,,,,,,
LCC.AD.P2H.18-06-25-13,LCC.AD.12-11-24-13-11,P2H Funds,MAC,Lo-hub,P2H,South Darfur,Flexible,"$8,073.00",#REF!,Weekly allocation,,,,,,
LCC.AD.P2H.18-06-25-13,LCC.AD.12-11-24-13-12,P2H Funds,MAC,Lo-hub,P2H,Central Darfur,Flexible,"$7,803.00",#REF!,Weekly allocation,,,,,,
LCC.AD.P2H.18-06-25-13,LCC.AD.12-11-24-13-13,P2H Funds,MAC,Lo-hub,P2H,Sinar,Flexible,"$6,402.00",#REF!,Weekly allocation,,,,,,
LCC.AD.P2H.25-06-25-14,LCC.AD.12-11-24-14-01,P2H Funds,MAC,Lo-hub,P2H,LCC,Capacity Building,"$10,000.00",#REF!,Weekly allocation,,,,,,
LCC.AD.P2H.25-06-25-14,LCC.AD.12-11-24-14-02,P2H Funds,MAC,Lo-hub,P2H,Khartoum,Flexible,"$30,173.00",#REF!,Weekly allocation,,,,,,
LCC.AD.P2H.25-06-25-14,LCC.AD.12-11-24-14-03,P2H Funds,MAC,Lo-hub,P2H,East Darfur,Flexible,"$29,145.00",#REF!,Weekly allocation,,,,,,
LCC.AD.P2H.25-06-25-14,LCC.AD.12-11-24-14-04,P2H Funds,MAC,Lo-hub,P2H,North Darfur,Flexible,"$28,167.00",#REF!,Weekly allocation,,,,,,
LCC.AD.P2H.25-06-25-14,LCC.AD.12-11-24-14-05,P2H Funds,MAC,Lo-hub,P2H,South Darfur,Flexible,"$21,697.00",#REF!,Weekly allocation,,,,,,
LCC.AD.P2H.25-06-25-14,LCC.AD.12-11-24-14-06,P2H Funds,MAC,Lo-hub,P2H,Central Darfur,Flexible,"$19,237.00",#REF!,Weekly allocation,,,,,,
LCC.AD.P2H.25-06-25-14,LCC.AD.12-11-24-14-07,P2H Funds,MAC,Lo-hub,P2H,Sinar,Flexible,"$16,284.00",#REF!,Weekly allocation,,,,,,
LCC.AD.P2H.25-06-25-14,LCC.AD.12-11-24-14-08,P2H Funds,MAC,Lo-hub,P2H,West Darfur,Flexible,"$5,711.00",#REF!,Weekly allocation,,,,,,
LCC.AD.P2H.25-06-25-14,LCC.AD.12-11-24-14-09,P2H Funds,MAC,Lo-hub,P2H,Kassala,Flexible,"$5,368.00",#REF!,Weekly allocation,,,,,,
LCC.AD.P2H.25-06-25-14,LCC.AD.12-11-24-14-10,P2H Funds,MAC,Lo-hub,P2H,Al Jazirah,Flexible,"$7,352.00",#REF!,Weekly allocation,,,,,,
LCC.AD.P2H.25-06-25-14,LCC.AD.12-11-24-14-11,P2H Funds,MAC,Lo-hub,P2H,North Kordofan,Flexible,"$6,386.00",,Weekly allocation,,,,,,
LCC.AD.P2H.25-06-25-14,LCC.AD.12-11-24-14-12,P2H Funds,MAC,Lo-hub,P2H,South Kordofan,Flexible,"$5,834.00",,Weekly allocation,,,,,,
LCC.AD.P2H.25-06-25-14,LCC.AD.12-11-24-14-13,P2H Funds,MAC,Lo-hub,P2H,West Kordofan,Flexible,"$10,321.00",,Weekly allocation,,,,,,
LCC.AD.P2H.25-06-25-14,LCC.AD.12-11-24-14-14,P2H Funds,MAC,Lo-hub,P2H,River Nile,Flexible,"$4,325.00",,Weekly allocation,,,,,,
LCC.CF.P2H.02-07-25-01,,P2H Funds,Ops,Lo-hub,P2H,Contingency Fund,Contingency Fund,"$31,501.16",,Restricted,,,,,,
LCC.AD.P2H.02-07-25-15,LCC.AD.P2H.02-07-25-15-01,P2H Funds,MAC,Lo-hub,P2H,LCC,Capacity Building,"$10,000.00",,Weekly allocation,,,,,,
LCC.AD.P2H.02-07-25-15,LCC.AD.P2H.02-07-25-15-02,P2H Funds,MAC,Lo-hub,P2H,South Darfur,Flexible,"$16,865.00",,Weekly allocation,,,,,,
LCC.AD.P2H.02-07-25-15,LCC.AD.P2H.02-07-25-15-03,P2H Funds,MAC,Lo-hub,P2H,Central Darfur,Flexible,"$15,756.50",,Weekly allocation,,,,,,
LCC.AD.P2H.02-07-25-15,LCC.AD.P2H.02-07-25-15-04,P2H Funds,MAC,Lo-hub,P2H,West Darfur,Flexible,"$9,355.50",,Weekly allocation,,,,,,
LCC.AD.P2H.02-07-25-15,LCC.AD.P2H.02-07-25-15-05,P2H Funds,MAC,Lo-hub,P2H,East Darfur,Flexible,"$22,250.00",,Weekly allocation,,,,,,
LCC.AD.P2H.02-07-25-15,LCC.AD.P2H.02-07-25-15-06,P2H Funds,MAC,Lo-hub,P2H,North Darfur,Flexible,"$21,909.50",,Weekly allocation,,,,,,
LCC.AD.P2H.02-07-25-15,LCC.AD.P2H.02-07-25-15-07,P2H Funds,MAC,Lo-hub,P2H,Khartoum,Flexible,"$22,779.50",#REF!,Weekly allocation,,,,,,
LCC.AD.P2H.02-07-25-15,LCC.AD.P2H.02-07-25-15-08,P2H Funds,MAC,Lo-hub,P2H,Sinar,Flexible,"$15,172.00",,Weekly allocation,,,,,,
LCC.AD.P2H.02-07-25-15,LCC.AD.P2H.02-07-25-15-09,P2H Funds,MAC,Lo-hub,P2H,Al Jazirah,Flexible,"$16,329.50",,Weekly allocation,,,,,,
LCC.AD.P2H.02-07-25-15,LCC.AD.P2H.02-07-25-15-10,P2H Funds,MAC,Lo-hub,P2H,North Kordofan,Flexible,"$12,910.50",,Weekly allocation,,,,,,
LCC.AD.P2H.02-07-25-15,LCC.AD.P2H.02-07-25-15-11,P2H Funds,MAC,Lo-hub,P2H,South Kordofan,Flexible,"$16,018.50",,Weekly allocation,,,,,,
LCC.AD.P2H.02-07-25-15,LCC.AD.P2H.02-07-25-15-12,P2H Funds,MAC,Lo-hub,P2H,River Nile,Flexible,"$9,679.50",,Weekly allocation,,,,,,
LCC.AD.P2H.02-07-25-15,LCC.AD.P2H.02-07-25-15-13,P2H Funds,MAC,Lo-hub,P2H,Kassala,Flexible,"$10,974.00",,Weekly allocation,,,,,,
LCC.AD.P2H.02-07-25-16,LCC.AD.P2H.02-07-25-16-01,P2H Funds,MAC,Lo-hub,P2H,LCC,Capacity Building,"$5,000.00",,Weekly allocation,,,,,,
LCC.AD.P2H.02-07-25-16,LCC.AD.P2H.02-07-25-16-02,P2H Funds,MAC,Lo-hub,P2H,South Darfur,Flexible,"$7,747.00",,Weekly allocation,,,,,,
LCC.AD.P2H.02-07-25-16,LCC.AD.P2H.02-07-25-16-03,P2H Funds,MAC,Lo-hub,P2H,Central Darfur,Flexible,"$7,503.00",,Weekly allocation,,,,,,
LCC.AD.P2H.02-07-25-16,LCC.AD.P2H.02-07-25-16-04,P2H Funds,MAC,Lo-hub,P2H,West Darfur,Flexible,"$6,206.00",,Weekly allocation,,,,,,
LCC.AD.P2H.02-07-25-16,LCC.AD.P2H.02-07-25-16-05,P2H Funds,MAC,Lo-hub,P2H,East Darfur,Flexible,"$10,740.00",,Weekly allocation,,,,,,
LCC.AD.P2H.02-07-25-16,LCC.AD.P2H.02-07-25-16-06,P2H Funds,MAC,Lo-hub,P2H,North Darfur,Flexible,"$10,228.00",,Weekly allocation,,,,,,
LCC.AD.P2H.02-07-25-16,LCC.AD.P2H.02-07-25-16-07,P2H Funds,MAC,Lo-hub,P2H,Khartoum,Flexible,"$11,084.00",#REF!,Weekly allocation,,,,,,
LCC.AD.P2H.02-07-25-16,LCC.AD.P2H.02-07-25-16-08,P2H Funds,MAC,Lo-hub,P2H,Sinar,Flexible,"$6,738.00",,Weekly allocation,,,,,,
LCC.AD.P2H.02-07-25-16,LCC.AD.P2H.02-07-25-16-09,P2H Funds,MAC,Lo-hub,P2H,North Kordofan,Flexible,"$6,377.00",,Weekly allocation,,,,,,
LCC.AD.P2H.02-07-25-16,LCC.AD.P2H.02-07-25-16-10,P2H Funds,MAC,Lo-hub,P2H,West Kordofan,Flexible,"$10,176.00",,Weekly allocation,,,,,,
LCC.AD.P2H.02-07-25-16,LCC.AD.P2H.02-07-25-16-11,P2H Funds,MAC,Lo-hub,P2H,South Kordofan,Flexible,"$7,591.00",,Weekly allocation,,,,,,
LCC.AD.P2H.02-07-25-16,LCC.AD.P2H.02-07-25-16-12,P2H Funds,MAC,Lo-hub,P2H,River Nile,Flexible,"$6,228.00",,Weekly allocation,,,,,,
LCC.AD.P2H.02-07-25-16,LCC.AD.P2H.02-07-25-16-13,P2H Funds,MAC,Lo-hub,P2H,Kassala,Flexible,"$4,382.00",,Weekly allocation,,,,,,
LCC.AD.P2H.02-07-25-16,LCC.AD.P2H.02-07-25-16-14,P2H Funds,MAC,Lo-hub,P2H,North Darfur,Flexible,"$60,000.00",,Weekly allocation,,,,,,
LCC.AD.P2H.02-07-25-16,LCC.AD.P2H.02-07-25-16-15,P2H Funds,MAC,Lo-hub,P2H,South Kordofan,Flexible,"$40,000.00",,Weekly allocation,,,,,,
LCC.AD.SV.13-08-25-17,LCC.AD.SV.13-08-25-17-01,SV,MAC,Lo-hub,P2H,LCC,Capacity Building,"$5,000.00",,Weekly allocation,,,,,,
LCC.AD.SV.13-08-25-17,LCC.AD.SV.13-08-25-17-02,SV,MAC,Lo-hub,P2H,Khartoum,Flexible,"$19,199.00",#REF!,Weekly allocation,,,,,,
LCC.AD.SV.13-08-25-17,LCC.AD.SV.13-08-25-17-03,SV,MAC,Lo-hub,P2H,North Darfur,Flexible,"$33,593.00",,Weekly allocation,,,,,,
LCC.AD.SV.13-08-25-17,LCC.AD.SV.13-08-25-17-04,SV,MAC,Lo-hub,P2H,South Darfur,Flexible,"$7,221.00",,Weekly allocation,,,,,,
LCC.AD.SV.13-08-25-17,LCC.AD.SV.13-08-25-17-05,SV,MAC,Lo-hub,P2H,East Darfur,Flexible,"$6,597.00",,Weekly allocation,,,,,,
LCC.AD.SV.13-08-25-17,LCC.AD.SV.13-08-25-17-06,SV,MAC,Lo-hub,P2H,Central Darfur,Flexible,"$7,363.00",,Weekly allocation,,,,,,
LCC.AD.SV.13-08-25-17,LCC.AD.SV.13-08-25-17-07,SV,MAC,Lo-hub,P2H,West Darfur,Flexible,"$5,702.00",,Weekly allocation,,,,,,
LCC.AD.SV.13-08-25-17,LCC.AD.SV.13-08-25-17-08,SV,MAC,Lo-hub,P2H,Kassala,Flexible,"$6,483.00",,Weekly allocation,,,,,,
LCC.AD.SV.13-08-25-17,LCC.AD.SV.13-08-25-17-09,SV,MAC,Lo-hub,P2H,Al Jazirah,Flexible,"$9,268.00",,Weekly allocation,,,,,,
LCC.AD.SV.13-08-25-17,LCC.AD.SV.13-08-25-17-10,SV,MAC,Lo-hub,P2H,Sinar,Flexible,"$8,577.00",,Weekly allocation,,,,,,
LCC.AD.SV.13-08-25-17,LCC.AD.SV.13-08-25-17-11,SV,MAC,Lo-hub,P2H,North Kordofan,Flexible,"$7,931.00",,Weekly allocation,,,,,,
LCC.AD.SV.13-08-25-17,LCC.AD.SV.13-08-25-17-12,SV,MAC,Lo-hub,P2H,River Nile,Flexible,"$8,066.00",,Weekly allocation,,,,,,
LCC.AD.SV.13-08-25-17,LCC.AD.SV.13-08-25-17-13,SV,MAC,Lo-hub,P2H,South Kordofan,Flexible,"$19,400.00",,Weekly allocation,,,,,,
LCC.AD.P2H.13-08-25-18,LCC.AD.P2H.13-08-25-18-01,Denver Foundation,MAC,Lo-hub,P2H,Khartoum,Flexible,"$25,774.91",#REF!,Weekly allocation,,,,,,
LCC.AD.P2H.13-08-25-18,LCC.AD.P2H.13-08-25-18-02,Denver Foundation,MAC,Lo-hub,P2H,Central Darfur,Flexible,"$10,302.35",,Weekly allocation,,,,,,
LCC.AD.P2H.13-08-25-18,LCC.AD.P2H.13-08-25-18-03,Denver Foundation,MAC,Lo-hub,P2H,Kassala,Flexible,"$9,020.02",,Weekly allocation,,,,,,
LCC.AD.P2H.13-08-25-18,LCC.AD.P2H.13-08-25-18-04,Denver Foundation,MAC,Lo-hub,P2H,LCC,Capacity Building,$0.76,,Weekly allocation,,,,,,
LCC.AD.P2H.13-08-25-18,LCC.AD.P2H.13-08-25-18-05,DKH 2,MAC,Lo-hub,P2H,North Darfur,Flexible,"$12,756.53",,Weekly allocation,,,,,,
LCC.AD.P2H.13-08-25-18,LCC.AD.P2H.13-08-25-18-06,DKH 2,MAC,Lo-hub,P2H,South Darfur,Flexible,"$9,109.68",,Weekly allocation,,,,,,
LCC.AD.P2H.13-08-25-18,LCC.AD.P2H.13-08-25-18-07,DKH 2,MAC,Lo-hub,P2H,East Darfur,Flexible,"$10,000.90",,Weekly allocation,,,,,,
LCC.AD.P2H.13-08-25-18,LCC.AD.P2H.13-08-25-18-08,DKH 2,MAC,Lo-hub,P2H,Al Jazirah,Flexible,"$14,243.06",,Weekly allocation,,,,,,
LCC.AD.P2H.13-08-25-18,LCC.AD.P2H.13-08-25-18-09,DKH 2,MAC,Lo-hub,P2H,Sinar,Flexible,"$12,438.19",,Weekly allocation,,,,,,
LCC.AD.P2H.13-08-25-18,LCC.AD.P2H.13-08-25-18-10,DKH 2,MAC,Lo-hub,P2H,North Kordofan,Flexible,"$9,800.96",,Weekly allocation,,,,,,
LCC.AD.P2H.13-08-25-18,LCC.AD.P2H.13-08-25-18-11,DKH 2,MAC,Lo-hub,P2H,River Nile,Flexible,"$10,724.64",,Weekly allocation,,,,,,
LCC.AD.P2H.13-08-25-18,LCC.AD.P2H.13-08-25-18-12,DKH 2,MAC,Lo-hub,P2H,LCC,Capacity Building,"$5,675.10",,Weekly allocation,,,,,,
LCC.AD.P2H.13-08-25-18,LCC.AD.P2H.13-08-25-18-13,SV,MAC,Lo-hub,P2H,West Kordofan,Flexible,"$13,663.35",,Weekly allocation,,,,,,
LCC.AD.P2H.13-08-25-18,LCC.AD.P2H.13-08-25-18-14,SV,MAC,Lo-hub,,LCC,Capacity Building,"$1,587.63",,Weekly allocation,,,,,,
LCC.AD.P2H.13-08-25-19,LCC.AD.P2H.13-08-25-19-01,DKH 2,MAC,Lo-hub,P2H,South Darfur,Flexible,"$17,719.00",,Weekly allocation,,,,,,
LCC.AD.P2H.13-08-25-19,LCC.AD.P2H.13-08-25-19-02,DKH 2,MAC,Lo-hub,P2H,Central Darfur,Flexible,"$17,973.00",,Weekly allocation,,,,,,
LCC.AD.P2H.13-08-25-19,LCC.AD.P2H.13-08-25-19-03,DKH 2,MAC,Lo-hub,P2H,North Darfur,Flexible,"$40,000.00",,Weekly allocation,,,,,,
LCC.AD.P2H.13-08-25-19,LCC.AD.P2H.13-08-25-19-04,DKH 2,MAC,Lo-hub,P2H,Sinar,Flexible,"$20,825.00",,Weekly allocation,,,,,,
LCC.AD.P2H.13-08-25-19,LCC.AD.P2H.13-08-25-19-05,DKH 2,MAC,Lo-hub,P2H,North Kordofan,Flexible,"$20,000.00",,Weekly allocation,,,,,,
LCC.AD.P2H.13-08-25-19,LCC.AD.P2H.13-08-25-19-06,DKH 2,MAC,Lo-hub,P2H,West Kordofan,Flexible,"$20,000.00",,Weekly allocation,,,,,,
LCC.AD.P2H.13-08-25-19,LCC.AD.P2H.13-08-25-19-07,DKH 2,MAC,Lo-hub,P2H,South Kordofan,Flexible,"$20,000.00",,Weekly allocation,,,,,,
LCC.AD.P2H.13-08-25-19,LCC.AD.P2H.13-08-25-19-08,DKH 2,MAC,Lo-hub,P2H,Al Jazirah,Flexible,"$24,305.00",,Weekly allocation,,,,,,
LCC.AD.P2H.13-08-25-19,LCC.AD.P2H.13-08-25-19-09,DKH 2,MAC,Lo-hub,P2H,River Nile,Flexible,"$19,178.00",,Weekly allocation,,,,,,
LCC.AD.P2H.13-08-25-20,LCC.AD.P2H.13-08-25-20-01,DKH 2,MAC,Lo-hub,P2H,Khartoum,Flexible,"$20,572.08",,Weekly allocation,,,,,,
LCC.AD.P2H.13-08-25-20,LCC.AD.P2H.13-08-25-20-02,DKH 2,MAC,Lo-hub,P2H,East Darfur,Flexible,"$11,221.82",,Weekly allocation,,,,,,
LCC.AD.P2H.13-08-25-20,LCC.AD.P2H.13-08-25-20-03,DKH 2,MAC,Lo-hub,P2H,Central Darfur,Flexible,"$13,262.87",,Weekly allocation,,,,,,
LCC.AD.P2H.13-08-25-20,LCC.AD.P2H.13-08-25-20-04,DKH 2,MAC,Lo-hub,P2H,West Darfur,Flexible,"$9,263.75",,Weekly allocation,,,,,,
LCC.AD.P2H.13-08-25-20,LCC.AD.P2H.13-08-25-20-05,DKH 2,MAC,Lo-hub,P2H,Kassala,Flexible,"$10,674.83",,Weekly allocation,,,,,,
LCC.AD.P2H.13-08-25-20,LCC.AD.P2H.13-08-25-20-06,DKH 2,MAC,Lo-hub,P2H,Al Jazirah,Flexible,"$13,134.16",,Weekly allocation,,,,,,
LCC.AD.P2H.13-08-25-20,LCC.AD.P2H.13-08-25-20-07,DKH 2,MAC,Lo-hub,P2H,Sinar,Flexible,"$11,578.05",,Weekly allocation,,,,,,
LCC.AD.P2H.13-08-25-20,LCC.AD.P2H.13-08-25-20-08,DKH 2,MAC,Lo-hub,P2H,River Nile,Flexible,"$11,096.36",,Weekly allocation,,,,,,
LCC.AD.P2H.13-08-25-20,LCC.AD.P2H.13-08-25-20-09,DKH 2,MAC,Lo-hub,P2H,North Darfur,Flexible,"$19,141.91",,Weekly allocation,,,,,,
LCC.AD.P2H.13-08-25-20,LCC.AD.P2H.13-08-25-20-10,DKH 2,MAC,Lo-hub,P2H,South Darfur,Flexible,"$37,233.69",,Weekly allocation,,,,,,
LCC.AD.P2H.13-08-25-20,LCC.AD.P2H.13-08-25-20-11,DKH 2,MAC,Lo-hub,P2H,North Kordofan,Flexible,"$15,644.50",,Weekly allocation,,,,,,
LCC.AD.P2H.13-08-25-20,LCC.AD.P2H.13-08-25-20-12,DKH 2,MAC,Lo-hub,P2H,South Kordofan,Flexible,"$17,704.74",,Weekly allocation,,,,,,
LCC.AD.P2H.13-08-25-20,LCC.AD.P2H.13-08-25-20-13,DKH 2,MAC,Lo-hub,P2H,West Kordofan,Flexible,"$19,275.17",,Weekly allocation,,,,,,
LCC.AD.P2H.13-08-25-21,LCC.AD.P2H.13-08-25-21-01,P2H Funds,MAC,Lo-hub,P2H,Khartoum,Flexible,"$12,363.84",,Weekly allocation,,,,,,
LCC.AD.P2H.13-08-25-21,LCC.AD.P2H.13-08-25-21-02,P2H Funds,MAC,Lo-hub,P2H,North Darfur,Flexible,"$7,675.01",,Weekly allocation,,,,,,
LCC.AD.P2H.13-08-25-21,LCC.AD.P2H.13-08-25-21-03,P2H Funds,MAC,Lo-hub,P2H,South Darfur,Flexible,"$11,814.49",,Weekly allocation,,,,,,
LCC.AD.P2H.13-08-25-21,LCC.AD.P2H.13-08-25-21-04,P2H Funds,MAC,Lo-hub,P2H,East Darfur,Flexible,"$6,433.71",,Weekly allocation,,,,,,
LCC.AD.P2H.13-08-25-21,LCC.AD.P2H.13-08-25-21-05,P2H Funds,MAC,Lo-hub,P2H,Central Darfur,Flexible,"$7,409.01",,Weekly allocation,,,,,,
LCC.AD.P2H.13-08-25-21,LCC.AD.P2H.13-08-25-21-06,P2H Funds,MAC,Lo-hub,P2H,West Darfur,Flexible,"$5,542.46",,Weekly allocation,,,,,,
LCC.AD.P2H.13-08-25-21,LCC.AD.P2H.13-08-25-21-07,P2H Funds,MAC,Lo-hub,P2H,Kassala,Flexible,"$5,598.02",,Weekly allocation,,,,,,
LCC.AD.P2H.13-08-25-21,LCC.AD.P2H.13-08-25-21-08,P2H Funds,MAC,Lo-hub,P2H,Al Jazirah,Flexible,"$8,067.59",,Weekly allocation,,,,,,
LCC.AD.P2H.13-08-25-21,LCC.AD.P2H.13-08-25-21-09,P2H Funds,MAC,Lo-hub,P2H,Sinar,Flexible,"$7,119.70",,Weekly allocation,,,,,,
LCC.AD.P2H.13-08-25-21,LCC.AD.P2H.13-08-25-21-10,P2H Funds,MAC,Lo-hub,P2H,North Kordofan,Flexible,"$6,713.99",,Weekly allocation,,,,,,
LCC.AD.P2H.13-08-25-21,LCC.AD.P2H.13-08-25-21-11,P2H Funds,MAC,Lo-hub,P2H,South Kordofan,Flexible,"$7,341.62",,Weekly allocation,,,,,,
LCC.AD.P2H.13-08-25-21,LCC.AD.P2H.13-08-25-21-12,P2H Funds,MAC,Lo-hub,P2H,West Kordofan,Flexible,"$7,261.78",,Weekly allocation,,,,,,
LCC.AD.P2H.13-08-25-21,LCC.AD.P2H.13-08-25-21-13,P2H Funds,MAC,Lo-hub,P2H,River Nile,Flexible,"$6,658.78",,Weekly allocation,,,,,,
LCC.AD.P2H.13-08-25-21,LCC.AD.P2H.13-08-25-21-14,Denver Foundation,MAC,Lo-hub,P2H,South Darfur,WERR,"$10,000.00",,Weekly allocation,,,,,,
LCC.AD.P2H.13-08-25-21,LCC.AD.P2H.13-08-25-21-15,Denver Foundation,MAC,Lo-hub,P2H,North Darfur,WERR,"$12,000.00",,Weekly allocation,,,,,,
LCC.AD.P2H.13-08-25-21,LCC.AD.P2H.13-08-25-21-16,Denver Foundation,MAC,Lo-hub,P2H,Sinar,WERR,"$10,000.00",,Weekly allocation,,,,,,
LCC.AD.P2H.13-08-25-21,LCC.AD.P2H.13-08-25-21-17,Denver Foundation,MAC,Lo-hub,P2H,North Kordofan,WERR,"$8,000.00",,Weekly allocation,,,,,,
LCC.AD.P2H.13-08-25-21,LCC.AD.P2H.13-08-25-21-18,Denver Foundation,MAC,Lo-hub,P2H,South Kordofan,WERR,"$10,000.00",,Weekly allocation,,,,,,
LCC.AD.P2H.13-08-25-21,LCC.AD.P2H.13-08-25-21-19,Denver Foundation,MAC,Lo-hub,P2H,Khartoum,WERR,"$30,000.00",,Weekly allocation,,,,,,
LCC.AD.P2H.13-08-25-21,LCC.AD.P2H.13-08-25-21-20,Denver Foundation,MAC,Lo-hub,P2H,East Darfur,WERR,"$8,000.00",,Weekly allocation,,,,,,
LCC.AD.P2H.13-08-25-21,LCC.AD.P2H.13-08-25-21-21,Denver Foundation,MAC,Lo-hub,P2H,West Darfur,WERR,"$10,000.00",,Weekly allocation,,,,,,
LCC.AD.P2H.13-08-25-22,LCC.AD.P2H.13-08-25-22-01,FCDO SHPR,MAC,Lo-hub,P2H,South Darfur,Flexible,"$33,204.27",,Weekly allocation,,,,,,
LCC.AD.P2H.13-08-25-22,LCC.AD.P2H.13-08-25-22-02,FCDO SHPR,MAC,Lo-hub,P2H,Central Darfur,Flexible,"$21,330.10",,Weekly allocation,,,,,,
LCC.AD.P2H.13-08-25-22,LCC.AD.P2H.13-08-25-22-03,FCDO SHPR,MAC,Lo-hub,P2H,West Darfur,Flexible,"$14,223.72",,Weekly allocation,,,,,,
LCC.AD.P2H.13-08-25-22,LCC.AD.P2H.13-08-25-22-04,FCDO SHPR,MAC,Lo-hub,P2H,East Darfur,Flexible,"$18,718.43",,Weekly allocation,,,,,,
LCC.AD.P2H.13-08-25-22,LCC.AD.P2H.13-08-25-22-05,FCDO SHPR,MAC,Lo-hub,P2H,North Darfur,Flexible,"$40,000.00",,Weekly allocation,,,,,,
LCC.AD.P2H.13-08-25-22,LCC.AD.P2H.13-08-25-22-06,FCDO SHPR,MAC,Lo-hub,P2H,North Kordofan,Flexible,"$20,000.00",,Weekly allocation,,,,,,
LCC.AD.P2H.13-08-25-22,LCC.AD.P2H.13-08-25-22-07,FCDO SHPR,MAC,Lo-hub,P2H,West Kordofan,Flexible,"$20,000.00",,Weekly allocation,,,,,,
LCC.AD.P2H.13-08-25-22,LCC.AD.P2H.13-08-25-22-08,FCDO SHPR,MAC,Lo-hub,P2H,South Kordofan,Flexible,"$20,000.00",,Weekly allocation,,,,,,
LCC.AD.P2H.13-08-25-22,LCC.AD.P2H.13-08-25-22-09,FCDO SHPR,MAC,Lo-hub,P2H,Khartoum,Flexible,"$36,463.04",,Weekly allocation,,,,,,
LCC.AD.P2H.13-08-25-22,LCC.AD.P2H.13-08-25-22-10,FCDO SHPR,MAC,Lo-hub,P2H,Sinar,Flexible,"$19,981.63",,Weekly allocation,,,,,,
LCC.AD.P2H.13-08-25-22,LCC.AD.P2H.13-08-25-22-11,FCDO SHPR,MAC,Lo-hub,P2H,Al Jazirah,Flexible,"$25,173.68",,Weekly allocation,,,,,,
LCC.AD.P2H.13-08-25-22,LCC.AD.P2H.13-08-25-22-12,FCDO SHPR,MAC,Lo-hub,P2H,River Nile,Flexible,"$15,344.51",,Weekly allocation,,,,,,
LCC.AD.P2H.13-08-25-22,LCC.AD.P2H.13-08-25-22-13,FCDO SHPR,MAC,Lo-hub,P2H,Kassala,Flexible,"$15,560.62",,Weekly allocation,,,,,,
LCC.AD.P2H.13-08-25-22,LCC.AD.P2H.13-08-25-23-14,Denver Foundation,MAC,Lo-hub,P2H,Central Darfur,WERR,"$10,000.00",,Weekly allocation,,,,,,
LCC.AD.P2H.13-08-25-22,LCC.AD.P2H.13-08-25-22-15,Denver Foundation,MAC,Lo-hub,P2H,North Kordofan,WERR,"$10,000.00",,Weekly allocation,,,,,,
LCC.AD.P2H.13-08-25-22,LCC.AD.P2H.13-08-25-22-16,Denver Foundation,MAC,Lo-hub,P2H,South Kordofan,WERR,"$16,000.00",,Weekly allocation,,,,,,
LCC.AD.P2H.13-08-25-22,LCC.AD.P2H.13-08-25-22-17,Denver Foundation,MAC,Lo-hub,P2H,West Kordofan,WERR,"$8,000.00",,Weekly allocation,,,,,,
LCC.AD.P2H.13-08-25-22,LCC.AD.P2H.13-08-25-22-18,Denver Foundation,MAC,Lo-hub,P2H,Khartoum,WERR,"$18,000.00",,Weekly allocation,,,,,,
LCC.AD.P2H.13-08-25-22,LCC.AD.P2H.13-08-25-22-19,Denver Foundation,MAC,Lo-hub,P2H,East Darfur,WERR,"$15,000.00",,Weekly allocation,,,,,,
LCC.AD.P2H.13-08-25-22,LCC.AD.P2H.13-08-25-22-20,Denver Foundation,MAC,Lo-hub,P2H,Blue Nile,WERR,"$8,000.00",,Weekly allocation,,,,,,
LCC.AD.P2H.13-08-25-22,LCC.AD.P2H.13-08-25-22-21,Denver Foundation,MAC,Lo-hub,P2H,Northern,WERR,"$5,000.00",,Weekly allocation,,,,,,
LCC.AD.P2H.13-08-25-22,LCC.AD.P2H.13-08-25-22-22,Denver Foundation,MAC,Lo-hub,P2H,River Nile,WERR,"$10,000.00",,Weekly allocation,,,,,,
LCC.AD.P2H.13-08-25-23,LCC.AD.P2H.13-08-25-23-01,Denver Foundation,MAC,Lo-hub,P2H,North Darfur,Flexible,"$51,969.77",,Weekly allocation,,,,,,
LCC.AD.P2H.13-08-25-23,LCC.AD.P2H.13-08-25-23-02,Denver Foundation,MAC,Lo-hub,P2H,North Kordofan,Flexible,"$48,030.23",,Weekly allocation,,,,,,
LCC.AD.P2H.13-08-25-23,LCC.AD.P2H.13-08-25-23-03,Denver Foundation,MAC,Lo-hub,P2H,South Darfur,Flexible,"$21,258.27",,Weekly allocation,,,,,,
LCC.AD.P2H.13-08-25-23,LCC.AD.P2H.13-08-25-23-04,Denver Foundation,MAC,Lo-hub,P2H,East Darfur,Flexible,"$12,842.16",,Weekly allocation,,,,,,
LCC.AD.P2H.13-08-25-23,LCC.AD.P2H.13-08-25-23-05,Denver Foundation,MAC,Lo-hub,P2H,Central Darfur,Flexible,"$12,317.56",,Weekly allocation,,,,,,
LCC.AD.P2H.13-08-25-23,LCC.AD.P2H.13-08-25-23-06,Denver Foundation,MAC,Lo-hub,P2H,West Darfur,Flexible,"$10,287.94",,Weekly allocation,,,,,,
LCC.AD.P2H.13-08-25-23,LCC.AD.P2H.13-08-25-23-07,Denver Foundation,MAC,Lo-hub,P2H,Al Jazirah,Flexible,"$17,270.92",,Weekly allocation,,,,,,
LCC.AD.P2H.13-08-25-23,LCC.AD.P2H.13-08-25-23-08,Denver Foundation,MAC,Lo-hub,P2H,Sinar,Flexible,"$13,046.98",,Weekly allocation,,,,,,
LCC.AD.P2H.13-08-25-23,LCC.AD.P2H.13-08-25-23-09,Denver Foundation,MAC,Lo-hub,P2H,River Nile,Flexible,"$12,976.17",,Weekly allocation,,,,,,
LCC.AD.P2H.13-08-25-24,LCC.AD.P2H.13-08-25-24-01,FCDO SHPR,MAC,Lo-hub,P2H,North Darfur,Flexible,"$28,107.50",,Weekly allocation,,,,,,
LCC.AD.P2H.13-08-25-24,LCC.AD.P2H.13-08-25-24-02,FCDO SHPR,MAC,Lo-hub,P2H,North Kordofan,Flexible,"$19,870.95",,Weekly allocation,,,,,,
LCC.AD.P2H.13-08-25-24,LCC.AD.P2H.13-08-25-24-03,FCDO SHPR,MAC,Lo-hub,P2H,South Kordofan,Flexible,"$24,924.27",,Weekly allocation,,,,,,
LCC.AD.P2H.13-08-25-24,LCC.AD.P2H.13-08-25-24-04,FCDO SHPR,MAC,Lo-hub,P2H,West Kordofan,Flexible,"$27,097.29",,Weekly allocation,,,,,,
LCC.AD.P2H.13-08-25-24,LCC.AD.P2H.13-08-25-24-05,FCDO SHPR,MAC,Lo-hub,P2H,Khartoum,Flexible,"$22,784.05",,Weekly allocation,,,,,,
LCC.AD.P2H.13-08-25-24,LCC.AD.P2H.13-08-25-24-06,FCDO SHPR,MAC,Lo-hub,P2H,East Darfur,Flexible,"$11,307.38",,Weekly allocation,,,,,,
LCC.AD.P2H.13-08-25-24,LCC.AD.P2H.13-08-25-24-07,FCDO SHPR,MAC,Lo-hub,P2H,Central Darfur,Flexible,"$10,845.48",,Weekly allocation,,,,,,
LCC.AD.P2H.13-08-25-24,LCC.AD.P2H.13-08-25-24-08,FCDO SHPR,MAC,Lo-hub,P2H,West Darfur,Flexible,"$9,349.78",,Weekly allocation,,,,,,
LCC.AD.P2H.13-08-25-24,LCC.AD.P2H.13-08-25-24-09,FCDO SHPR,MAC,Lo-hub,P2H,Al Jazirah,Flexible,"$15,206.85",,Weekly allocation,,,,,,
LCC.AD.P2H.13-08-25-24,LCC.AD.P2H.13-08-25-24-10,FCDO SHPR,MAC,Lo-hub,P2H,Sinar,Flexible,"$12,361.81",,Weekly allocation,,,,,,
LCC.AD.P2H.13-08-25-24,LCC.AD.P2H.13-08-25-24-11,FCDO SHPR,MAC,Lo-hub,P2H,River Nile,Flexible,"$10,085.10",,Weekly allocation,,,,,,
LCC.AD.P2H.13-08-25-24,LCC.AD.P2H.13-08-25-24-12,FCDO SHPR,MAC,Lo-hub,P2H,Kassala,Flexible,"$8,059.54",,Weekly allocation,,,,,,
LCC.AD.P2H.13-08-25-24,LCC.AD.P2H.13-08-25-24-13,Denver Foundation,MAC,Lo-hub,P2H,Central Darfur,WERR,"$6,000.00",,Weekly allocation,,,,,,
LCC.AD.P2H.13-08-25-24,LCC.AD.P2H.13-08-25-24-14,Denver Foundation,MAC,Lo-hub,P2H,Khartoum,WERR,"$36,000.00",,Weekly allocation,,,,,,
LCC.AD.P2H.13-08-25-24,LCC.AD.P2H.13-08-25-24-15,Denver Foundation,MAC,Lo-hub,P2H,East Darfur,WERR,"$5,000.00",,Weekly allocation,,,,,,
LCC.AD.P2H.22-10-25-25,LCC.AD.P2H.22-10-25-25-01,FCDO SHPR,MAC,Lo-hub,P2H,North Darfur,Flexible,"$59,534.31",,Weekly allocation,,,,,,
LCC.AD.P2H.22-10-25-25,LCC.AD.P2H.22-10-25-25-02,FCDO SHPR,MAC,Lo-hub,P2H,North Kordofan,Flexible,"$31,461.87",,Weekly allocation,,,,,,
LCC.AD.P2H.22-10-25-25,LCC.AD.P2H.22-10-25-25-03,FCDO SHPR,MAC,Lo-hub,P2H,South Kordofan,Flexible,"$46,011.28",,Weekly allocation,,,,,,
LCC.AD.P2H.22-10-25-25,LCC.AD.P2H.22-10-25-25-04,FCDO SHPR,MAC,Lo-hub,P2H,West Kordofan,Flexible,"$37,992.54",,Weekly allocation,,,,,,
LCC.AD.P2H.22-10-25-25,LCC.AD.P2H.22-10-25-25-05,FCDO SHPR,MAC,Lo-hub,P2H,Khartoum,Flexible,"$36,907.50",,Weekly allocation,,,,,,
LCC.AD.P2H.22-10-25-25,LCC.AD.P2H.22-10-25-25-06,FCDO SHPR,MAC,Lo-hub,P2H,South Darfur,Flexible,"$35,687.22",,Weekly allocation,,,,,,
LCC.AD.P2H.22-10-25-25,LCC.AD.P2H.22-10-25-25-07,FCDO SHPR,MAC,Lo-hub,P2H,East Darfur,Flexible,"$24,875.37",,Weekly allocation,,,,,,
LCC.AD.P2H.22-10-25-25,LCC.AD.P2H.22-10-25-25-08,FCDO SHPR,MAC,Lo-hub,P2H,Central Darfur,Flexible,"$21,454.93",,Weekly allocation,,,,,,
LCC.AD.P2H.22-10-25-25,LCC.AD.P2H.22-10-25-25-09,FCDO SHPR,MAC,Lo-hub,P2H,West Darfur,Flexible,"$20,492.00",,Weekly allocation,,,,,,
LCC.AD.P2H.22-10-25-25,LCC.AD.P2H.22-10-25-25-10,FCDO SHPR,MAC,Lo-hub,P2H,Kassala,Flexible,"$16,719.86",,Weekly allocation,,,,,,
LCC.AD.P2H.22-10-25-25,LCC.AD.P2H.22-10-25-25-11,FCDO SHPR,MAC,Lo-hub,P2H,Al Jazirah,Flexible,"$26,993.82",,Weekly allocation,,,,,,
LCC.AD.P2H.22-10-25-25,LCC.AD.P2H.22-10-25-25-12,FCDO SHPR,MAC,Lo-hub,P2H,Sinar,Flexible,"$21,327.91",,Weekly allocation,,,,,,
LCC.AD.P2H.22-10-25-25,LCC.AD.P2H.22-10-25-25-13,FCDO SHPR,MAC,Lo-hub,P2H,River Nile,Flexible,"$20,541.39",,Weekly allocation,,,,,,
LCC.AD.P2H.05-11-25-26,LCC.AD.P2H.05-11-25-26-01,FCDO SHPR,MAC,Lo-hub,P2H,North Kordofan,Flexible,"$170,000.00",,Weekly allocation,,,,,,
LCC.AD.P2H.05-11-25-26,LCC.AD.P2H.05-11-25-26-02,FCDO SHPR,MAC,Lo-hub,P2H,Khartoum,Flexible,"$54,740.98",,Weekly allocation,,,,,,
LCC.AD.P2H.05-11-25-26,LCC.AD.P2H.05-11-25-26-03,FCDO SHPR,MAC,Lo-hub,P2H,South Darfur,Flexible,"$47,693.22",,Weekly allocation,,,,,,
LCC.AD.P2H.05-11-25-26,LCC.AD.P2H.05-11-25-26-04,FCDO SHPR,MAC,Lo-hub,P2H,East Darfur,Flexible,"$44,285.59",,Weekly allocation,,,,,,
LCC.AD.P2H.05-11-25-26,LCC.AD.P2H.05-11-25-26-05,FCDO SHPR,MAC,Lo-hub,P2H,West Darfur,Flexible,"$30,986.66",,Weekly allocation,,,,,,
LCC.AD.P2H.05-11-25-26,LCC.AD.P2H.05-11-25-26-06,FCDO SHPR,MAC,Lo-hub,P2H,Kassala,Flexible,"$27,858.78",,Weekly allocation,,,,,,
LCC.AD.P2H.05-11-25-26,LCC.AD.P2H.05-11-25-26-07,FCDO SHPR,MAC,Lo-hub,P2H,Al Jazirah,Flexible,"$45,646.60",,Weekly allocation,,,,,,
LCC.AD.P2H.05-11-25-26,LCC.AD.P2H.05-11-25-26-08,FCDO SHPR,MAC,Lo-hub,P2H,Sinar,Flexible,"$35,530.65",,Weekly allocation,,,,,,
LCC.AD.P2H.05-11-25-26,LCC.AD.P2H.05-11-25-26-09,FCDO SHPR,MAC,Lo-hub,P2H,West Kordofan,Flexible,"$36,215.83",,Weekly allocation,,,,,,
LCC.AD.P2H.05-11-25-26,LCC.AD.P2H.05-11-25-26-10,FCDO SHPR,MAC,Lo-hub,P2H,River Nile,Flexible,"$37,041.69",,Weekly allocation,,,,,,
LCC.AD.P2H.05-11-25-26,LCC.AD.P2H.05-11-25-26-11,FCDO SHPR,MAC,Lo-hub,P2H,South Kordofan,Flexible,"$70,000.00",,Weekly allocation,,,,,,
LCC.AD.P2H.05-11-25-26,LCC.AD.P2H.05-11-25-26-12,FCDO SHPR,MAC,Lo-hub,P2H,Northern,Flexible,"$20,000.00",,Weekly allocation,,,,,,
LCC.AD.P2H.05-11-25-26,LCC.AD.P2H.05-11-25-26-13,FCDO SHPR,MAC,Lo-hub,P2H,Central Darfur,Flexible,"$80,000.00",,Weekly allocation,,,,,,
LCC.AD.P2H.19-11-25-27,LCC.AD.P2H.19-11-25-27-01,FCDO SHPR,MAC,Lo-hub,P2H,East Darfur,Flexible,"$39,538.31",,Weekly allocation,,,,,,
LCC.AD.P2H.19-11-25-27,LCC.AD.P2H.19-11-25-27-02,FCDO SHPR,MAC,Lo-hub,P2H,Central Darfur,Flexible,"$37,064.53",,Weekly allocation,,,,,,
LCC.AD.P2H.19-11-25-27,LCC.AD.P2H.19-11-25-27-03,FCDO SHPR,MAC,Lo-hub,P2H,West Darfur,Flexible,"$31,359.93",,Weekly allocation,,,,,,
LCC.AD.P2H.19-11-25-27,LCC.AD.P2H.19-11-25-27-04,FCDO SHPR,MAC,Lo-hub,P2H,Kassala,Flexible,"$22,229.61",,Weekly allocation,,,,,,
LCC.AD.P2H.19-11-25-27,LCC.AD.P2H.19-11-25-27-05,FCDO SHPR,MAC,Lo-hub,P2H,Al Jazirah,Flexible,"$40,048.60",,Weekly allocation,,,,,,
LCC.AD.P2H.19-11-25-27,LCC.AD.P2H.19-11-25-27-06,FCDO SHPR,MAC,Lo-hub,P2H,Sinar,Flexible,"$29,586.36",,Weekly allocation,,,,,,
LCC.AD.P2H.19-11-25-27,LCC.AD.P2H.19-11-25-27-07,FCDO SHPR,MAC,Lo-hub,P2H,River Nile,Flexible,"$28,172.64",,Weekly allocation,,,,,,
LCC.AD.P2H.19-11-25-27,LCC.AD.P2H.19-11-25-27-08,FCDO SHPR,MAC,Lo-hub,P2H,North Darfur,Flexible,"$40,089.55",,Weekly allocation,,,,,,
LCC.AD.P2H.19-11-25-27,LCC.AD.P2H.19-11-25-27-09,FCDO SHPR,MAC,Lo-hub,P2H,North Kordofan,Flexible,"$36,919.29",,Weekly allocation,,,,,,
LCC.AD.P2H.19-11-25-27,LCC.AD.P2H.19-11-25-27-10,FCDO SHPR,MAC,Lo-hub,P2H,South Kordofan,Flexible,"$42,727.62",,Weekly allocation,,,,,,
LCC.AD.P2H.19-11-25-27,LCC.AD.P2H.19-11-25-27-11,FCDO SHPR,MAC,Lo-hub,P2H,West Kordofan,Flexible,"$48,263.56",,Weekly allocation,,,,,,
LCC.AD.P2H.03-12-25-28,LCC.AD.P2H.03-12-25-28-01,FCDO SHPR,MAC,Lo-hub,P2H,Khartoum,Flexible,"$52,612.82",,Weekly allocation,,,,,,
LCC.AD.P2H.03-12-25-28,LCC.AD.P2H.03-12-25-28-02,FCDO SHPR,MAC,Lo-hub,P2H,North Darfur,Flexible,"$40,603.17",,Weekly allocation,,,,,,
LCC.AD.P2H.03-12-25-28,LCC.AD.P2H.03-12-25-28-03,FCDO SHPR,MAC,Lo-hub,P2H,South Darfur,Flexible,"$50,522.19",,Weekly allocation,,,,,,
LCC.AD.P2H.03-12-25-28,LCC.AD.P2H.03-12-25-28-04,FCDO SHPR,MAC,Lo-hub,P2H,East Darfur,Flexible,"$32,607.44",,Weekly allocation,,,,,,
LCC.AD.P2H.03-12-25-28,LCC.AD.P2H.03-12-25-28-05,FCDO SHPR,MAC,Lo-hub,P2H,Central Darfur,Flexible,"$34,911.01",,Weekly allocation,,,,,,
LCC.AD.P2H.03-12-25-28,LCC.AD.P2H.03-12-25-28-06,FCDO SHPR,MAC,Lo-hub,P2H,West Darfur,Flexible,"$25,819.28",,Weekly allocation,,,,,,
LCC.AD.P2H.03-12-25-28,LCC.AD.P2H.03-12-25-28-07,FCDO SHPR,MAC,Lo-hub,P2H,Kassala,Flexible,"$29,790.86",,Weekly allocation,,,,,,
LCC.AD.P2H.03-12-25-28,LCC.AD.P2H.03-12-25-28-08,FCDO SHPR,MAC,Lo-hub,P2H,Al Jazirah,Flexible,"$39,117.53",,Weekly allocation,,,,,,
LCC.AD.P2H.03-12-25-28,LCC.AD.P2H.03-12-25-28-09,FCDO SHPR,MAC,Lo-hub,P2H,Sinar,Flexible,"$30,393.69",,Weekly allocation,,,,,,
LCC.AD.P2H.03-12-25-28,LCC.AD.P2H.03-12-25-28-10,FCDO SHPR,MAC,Lo-hub,P2H,North Kordofan,Flexible,"$41,613.84",,Weekly allocation,,,,,,
LCC.AD.P2H.03-12-25-28,LCC.AD.P2H.03-12-25-28-11,FCDO SHPR,MAC,Lo-hub,P2H,South Kordofan,Flexible,"$44,786.74",,Weekly allocation,,,,,,
LCC.AD.P2H.03-12-25-28,LCC.AD.P2H.03-12-25-28-12,FCDO SHPR,MAC,Lo-hub,P2H,West Kordofan,Flexible,"$50,589.79",,Weekly allocation,,,,,,
LCC.AD.P2H.03-12-25-28,LCC.AD.P2H.03-12-25-28-13,FCDO SHPR,MAC,Lo-hub,P2H,River Nile,Flexible,"$26,631.64",,Weekly allocation,,,,,,
LCC.AD.P2H.17-12-25-29,LCC.AD.P2H.17-12-25-29-01,FCDO SHPR,MAC,Lo-hub,P2H,South Darfur,Flexible,"$48,876.93",,Weekly allocation,,,,,,
LCC.AD.P2H.17-12-25-29,LCC.AD.P2H.17-12-25-29-02,FCDO SHPR,MAC,Lo-hub,P2H,Central Darfur,Flexible,"$56,342.59",,Weekly allocation,,,,,,
LCC.AD.P2H.17-12-25-29,LCC.AD.P2H.17-12-25-29-03,FCDO SHPR,MAC,Lo-hub,P2H,West Darfur,Flexible,"$40,237.03",,Weekly allocation,,,,,,
LCC.AD.P2H.17-12-25-29,LCC.AD.P2H.17-12-25-29-04,FCDO SHPR,MAC,Lo-hub,P2H,North Kordofan,Flexible,"$64,426.29",,Weekly allocation,,,,,,
LCC.AD.P2H.17-12-25-29,LCC.AD.P2H.17-12-25-29-05,FCDO SHPR,MAC,Lo-hub,P2H,South Kordofan,Flexible,"$67,485.73",,Weekly allocation,,,,,,
LCC.AD.P2H.17-12-25-29,LCC.AD.P2H.17-12-25-29-06,FCDO SHPR,MAC,Lo-hub,P2H,West Kordofan,Flexible,"$62,631.43",,Weekly allocation,,,,,,
LCC.AD.P2H.17-12-25-29,LCC.AD.P2H.17-12-25-29-07,FCDO SHPR,MAC,Lo-hub,P2H,Khartoum,Flexible,"$40,682.03",,Weekly allocation,,,,,,
LCC.AD.P2H.17-12-25-29,LCC.AD.P2H.17-12-25-29-08,FCDO SHPR,MAC,Lo-hub,P2H,North Darfur,Flexible,"$23,400.12",,Weekly allocation,,,,,,
LCC.AD.P2H.17-12-25-29,LCC.AD.P2H.17-12-25-29-09,FCDO SHPR,MAC,Lo-hub,P2H,East Darfur,Flexible,"$18,678.39",,Weekly allocation,,,,,,
LCC.AD.P2H.17-12-25-29,LCC.AD.P2H.17-12-25-29-10,FCDO SHPR,MAC,Lo-hub,P2H,Kassala,Flexible,"$15,912.71",,Weekly allocation,,,,,,
LCC.AD.P2H.17-12-25-29,LCC.AD.P2H.17-12-25-29-11,FCDO SHPR,MAC,Lo-hub,P2H,Al Jazirah,Flexible,"$24,690.05",,Weekly allocation,,,,,,
LCC.AD.P2H.17-12-25-29,LCC.AD.P2H.17-12-25-29-12,FCDO SHPR,MAC,Lo-hub,P2H,Sinar,Flexible,"$18,452.43",,Weekly allocation,,,,,,
LCC.AD.P2H.17-12-25-29,LCC.AD.P2H.17-12-25-29-13,FCDO SHPR,MAC,Lo-hub,P2H,River Nile,Flexible,"$18,184.27",,Weekly allocation,,,,,,
LCC.AD.P2H.31-12-25-30,LCC.AD.P2H.31-12-25-30-01,FCDO SHPR,MAC,Lo-hub,P2H,Central Darfur,Flexible,"$68,668.58",,Weekly allocation,,,,,,
LCC.AD.P2H.31-12-25-30,LCC.AD.P2H.31-12-25-30-02,FCDO SHPR,MAC,Lo-hub,P2H,Khartoum,Flexible,"$57,612.39",,Weekly allocation,,,,,,
LCC.AD.P2H.31-12-25-30,LCC.AD.P2H.31-12-25-30-03,FCDO SHPR,MAC,Lo-hub,P2H,North Darfur,Flexible,"$59,439.67",,Weekly allocation,,,,,,
LCC.AD.P2H.31-12-25-30,LCC.AD.P2H.31-12-25-30-04,FCDO SHPR,MAC,Lo-hub,P2H,South Darfur,Flexible,"$39,520.64",,Weekly allocation,,,,,,
LCC.AD.P2H.31-12-25-30,LCC.AD.P2H.31-12-25-30-05,FCDO SHPR,MAC,Lo-hub,P2H,East Darfur,Flexible,"$32,613.52",,Weekly allocation,,,,,,
LCC.AD.P2H.31-12-25-30,LCC.AD.P2H.31-12-25-30-06,FCDO SHPR,MAC,Lo-hub,P2H,West Darfur,Flexible,"$31,098.92",,Weekly allocation,,,,,,
LCC.AD.P2H.31-12-25-30,LCC.AD.P2H.31-12-25-30-07,FCDO SHPR,MAC,Lo-hub,P2H,Kassala,Flexible,"$30,871.54",,Weekly allocation,,,,,,
LCC.AD.P2H.31-12-25-30,LCC.AD.P2H.31-12-25-30-08,FCDO SHPR,MAC,Lo-hub,P2H,Al Jazirah,Flexible,"$36,475.66",,Weekly allocation,,,,,,
LCC.AD.P2H.31-12-25-30,LCC.AD.P2H.31-12-25-30-09,FCDO SHPR,MAC,Lo-hub,P2H,Sinar,Flexible,"$29,678.56",,Weekly allocation,,,,,,
LCC.AD.P2H.31-12-25-30,LCC.AD.P2H.31-12-25-30-10,FCDO SHPR,MAC,Lo-hub,P2H,North Kordofan,Flexible,"$40,853.95",,Weekly allocation,,,,,,
LCC.AD.P2H.31-12-25-30,LCC.AD.P2H.31-12-25-30-11,FCDO SHPR,MAC,Lo-hub,P2H,South Kordofan,Flexible,"$46,054.34",,Weekly allocation,,,,,,
LCC.AD.P2H.31-12-25-30,LCC.AD.P2H.31-12-25-30-12,FCDO SHPR,MAC,Lo-hub,P2H,River Nile,Flexible,"$27,112.23",,Weekly allocation,,,,,,
LCC.AD.P2H.14-01-26-31,LCC.AD.P2H.14-01-25-31-01,FCDO SHPR,MAC,Lo-hub,P2H,Khartoum,Flexible,"$70,825.86",,Weekly allocation,,,,,,
LCC.AD.P2H.14-01-26-31,LCC.AD.P2H.14-01-25-31-02,FCDO SHPR,MAC,Lo-hub,P2H,North Darfur,Flexible,"$70,500.32",,Weekly allocation,,,,,,
LCC.AD.P2H.14-01-26-31,LCC.AD.P2H.14-01-25-31-03,FCDO SHPR,MAC,Lo-hub,P2H,East Darfur,Flexible,"$36,014.24",,Weekly allocation,,,,,,
LCC.AD.P2H.14-01-26-31,LCC.AD.P2H.14-01-25-31-04,FCDO SHPR,MAC,Lo-hub,P2H,Central Darfur,Flexible,"$41,896.70",,Weekly allocation,,,,,,
LCC.AD.P2H.14-01-26-31,LCC.AD.P2H.14-01-25-31-05,FCDO SHPR,MAC,Lo-hub,P2H,West Darfur,Flexible,"$32,516.91",,Weekly allocation,,,,,,
LCC.AD.P2H.14-01-26-31,LCC.AD.P2H.14-01-25-31-06,FCDO SHPR,MAC,Lo-hub,P2H,Kassala,Flexible,"$30,806.57",,Weekly allocation,,,,,,
LCC.AD.P2H.14-01-26-31,LCC.AD.P2H.14-01-25-31-07,FCDO SHPR,MAC,Lo-hub,P2H,Al Jazirah,Flexible,"$42,110.71",,Weekly allocation,,,,,,
LCC.AD.P2H.14-01-26-31,LCC.AD.P2H.14-01-25-31-08,FCDO SHPR,MAC,Lo-hub,P2H,Sinar,Flexible,"$36,202.48",,Weekly allocation,,,,,,
LCC.AD.P2H.14-01-26-31,LCC.AD.P2H.14-01-25-31-09,FCDO SHPR,MAC,Lo-hub,P2H,North Kordofan,Flexible,"$48,680.74",,Weekly allocation,,,,,,
LCC.AD.P2H.14-01-26-31,LCC.AD.P2H.14-01-25-31-10,FCDO SHPR,MAC,Lo-hub,P2H,South Kordofan,Flexible,"$57,228.22",,Weekly allocation,,,,,,
LCC.AD.P2H.14-01-26-31,LCC.AD.P2H.14-01-25-31-11,FCDO SHPR,MAC,Lo-hub,P2H,River Nile,Flexible,"$33,217.25",,Weekly allocation,,,,,,
LCC.AD.P2H.14-01-26-31,LCC.AD.P2H.14-01-25-31-12,P2H Funds,Ops,Lo-hub,P2H,West Kordofan,Health,"$10,000.00",,Restricted,,Hunt Foundation Donation,,,,
LCC.AD.P2H.28-01-26-32,LCC.AD.P2H.28-01-26-32-01,FCDO SHPR,MAC,Lo-hub,P2H,Central Darfur,Flexible,"$45,603.44",,Weekly allocation,,,,,,
LCC.AD.P2H.28-01-26-32,LCC.AD.P2H.28-01-26-32-02,FCDO SHPR,MAC,Lo-hub,P2H,Khartoum,Flexible,"$69,989.79",,Weekly allocation,,,,,,
LCC.AD.P2H.28-01-26-32,LCC.AD.P2H.28-01-26-32-03,FCDO SHPR,MAC,Lo-hub,P2H,North Darfur,Flexible,"$56,398.46",,Weekly allocation,,,,,,
LCC.AD.P2H.28-01-26-32,LCC.AD.P2H.28-01-26-32-04,FCDO SHPR,MAC,Lo-hub,P2H,East Darfur,Flexible,"$35,594.84",,Weekly allocation,,,,,,
LCC.AD.P2H.28-01-26-32,LCC.AD.P2H.28-01-26-32-05,FCDO SHPR,MAC,Lo-hub,P2H,West Darfur,Flexible,"$33,427.14",,Weekly allocation,,,,,,
LCC.AD.P2H.28-01-26-32,LCC.AD.P2H.28-01-26-32-06,FCDO SHPR,MAC,Lo-hub,P2H,Kassala,Flexible,"$35,054.04",,Weekly allocation,,,,,,
LCC.AD.P2H.28-01-26-32,LCC.AD.P2H.28-01-26-32-07,FCDO SHPR,MAC,Lo-hub,P2H,Al Jazirah,Flexible,"$43,574.93",,Weekly allocation,,,,,,
LCC.AD.P2H.28-01-26-32,LCC.AD.P2H.28-01-26-32-08,FCDO SHPR,MAC,Lo-hub,P2H,Sinar,Flexible,"$34,426.93",,Weekly allocation,,,,,,
LCC.AD.P2H.28-01-26-32,LCC.AD.P2H.28-01-26-32-09,FCDO SHPR,MAC,Lo-hub,P2H,South Kordofan,Flexible,"$57,303.72",,Weekly allocation,,,,,,
LCC.AD.P2H.28-01-26-32,LCC.AD.P2H.28-01-26-32-10,FCDO SHPR,MAC,Lo-hub,P2H,River Nile,Flexible,"$37,735.82",,Weekly allocation,,,,,,
LCC.AD.P2H.28-01-26-32,LCC.AD.P2H.28-01-26-32-11,FCDO SHPR,MAC,Lo-hub,P2H,West Kordofan,Flexible,"$50,890.89",,Weekly allocation,,,,,,
LCC.AD.P2H.14-02-26-33,LCC.AD.P2H.14-02-26-33-01,FCDO SHPR,MAC,Lo-hub,P2H,Khartoum,Flexible,"$127,125.84",,Weekly allocation,,,,,,
LCC.AD.P2H.14-02-26-33,LCC.AD.P2H.14-02-26-33-02,FCDO SHPR,MAC,Lo-hub,P2H,North Darfur,Flexible,"$99,812.11",,Weekly allocation,,,,,,
LCC.AD.P2H.14-02-26-33,LCC.AD.P2H.14-02-26-33-03,FCDO SHPR,MAC,Lo-hub,P2H,South Darfur,Flexible,"$79,722.00",,Weekly allocation,,,,,,
LCC.AD.P2H.14-02-26-33,LCC.AD.P2H.14-02-26-33-04,FCDO SHPR,MAC,Lo-hub,P2H,East Darfur,Flexible,"$69,857.37",,Weekly allocation,,,,,,
LCC.AD.P2H.14-02-26-33,LCC.AD.P2H.14-02-26-33-05,FCDO SHPR,MAC,Lo-hub,P2H,Central Darfur,Flexible,"$82,474.64",,Weekly allocation,,,,,,
LCC.AD.P2H.14-02-26-33,LCC.AD.P2H.14-02-26-33-06,FCDO SHPR,MAC,Lo-hub,P2H,West Darfur,Flexible,"$61,257.13",,Weekly allocation,,,,,,
LCC.AD.P2H.14-02-26-33,LCC.AD.P2H.14-02-26-33-07,FCDO SHPR,MAC,Lo-hub,P2H,Kassala,Flexible,"$61,062.64",,Weekly allocation,,,,,,
LCC.AD.P2H.14-02-26-33,LCC.AD.P2H.14-02-26-33-08,FCDO SHPR,MAC,Lo-hub,P2H,Al Jazirah,Flexible,"$77,831.90",,Weekly allocation,,,,,,
LCC.AD.P2H.14-02-26-33,LCC.AD.P2H.14-02-26-33-09,FCDO SHPR,MAC,Lo-hub,P2H,Sinar,Flexible,"$62,679.31",,Weekly allocation,,,,,,
LCC.AD.P2H.14-02-26-33,LCC.AD.P2H.14-02-26-33-10,FCDO SHPR,MAC,Lo-hub,P2H,North Kordofan,Flexible,"$70,111.31",,Weekly allocation,,,,,,
LCC.AD.P2H.14-02-26-33,LCC.AD.P2H.14-02-26-33-11,FCDO SHPR,MAC,Lo-hub,P2H,South Kordofan,Flexible,"$70,515.23",,Weekly allocation,,,,,,
LCC.AD.P2H.14-02-26-33,LCC.AD.P2H.14-02-26-33-12,FCDO SHPR,MAC,Lo-hub,P2H,West Kordofan,Flexible,"$71,392.21",,Weekly allocation,,,,,,
LCC.AD.P2H.14-02-26-33,LCC.AD.P2H.14-02-26-33-13,FCDO SHPR,MAC,Lo-hub,P2H,River Nile,Flexible,"$66,158.31",,Weekly allocation,,,,,,
LCC.AD.P2H.05-03-26-34,LCC.AD.P2H.05-03-26-34-01,FCDO HELP-S,MAC,Lo-hub,P2H,Khartoum,Flexible,"$70,381.51",,Weekly allocation,,,,,,
LCC.AD.P2H.05-03-26-34,LCC.AD.P2H.05-03-26-34-02,FCDO HELP-S,MAC,Lo-hub,P2H,Central Darfur,Flexible,"$45,161.08",,Weekly allocation,,,,,,
LCC.AD.P2H.05-03-26-34,LCC.AD.P2H.05-03-26-34-03,FCDO HELP-S,MAC,Lo-hub,P2H,West Darfur,Flexible,"$29,818.80",,Weekly allocation,,,,,,
LCC.AD.P2H.05-03-26-34,LCC.AD.P2H.05-03-26-34-04,FCDO HELP-S,MAC,Lo-hub,P2H,Kassala,Flexible,"$31,568.79",,Weekly allocation,,,,,,
LCC.AD.P2H.05-03-26-34,LCC.AD.P2H.05-03-26-34-05,FCDO HELP-S,MAC,Lo-hub,P2H,Sinar,Flexible,"$36,327.57",,Weekly allocation,,,,,,
LCC.AD.P2H.05-03-26-34,LCC.AD.P2H.05-03-26-34-06,FCDO HELP-S,MAC,Lo-hub,P2H,South Kordofan,Flexible,"$36,742.25",,Weekly allocation,,,,,,
LCC.AD.P2H.11-03-26-35,LCC.AD.P2H.11-03-26-35-01,FCDO HELP-S,MAC,Lo-hub,P2H,North Darfur,Flexible,"$44,052.37",,Weekly allocation,,,,,,
LCC.AD.P2H.11-03-26-35,LCC.AD.P2H.11-03-26-35-02,FCDO HELP-S,MAC,Lo-hub,P2H,East Darfur,Flexible,"$29,384.72",,Weekly allocation,,,,,,
LCC.AD.P2H.11-03-26-35,LCC.AD.P2H.11-03-26-35-03,FCDO HELP-S,MAC,Lo-hub,P2H,Al Jazirah,Flexible,"$35,685.58",,Weekly allocation,,,,,,
LCC.AD.P2H.11-03-26-35,LCC.AD.P2H.11-03-26-35-04,FCDO HELP-S,MAC,Lo-hub,P2H,North Kordofan,Flexible,"$33,266.69",,Weekly allocation,,,,,,
LCC.AD.P2H.11-03-26-35,LCC.AD.P2H.11-03-26-35-05,FCDO HELP-S,MAC,Lo-hub,P2H,West Kordofan,Flexible,"$33,950.53",,Weekly allocation,,,,,,
LCC.AD.P2H.11-03-26-35,LCC.AD.P2H.11-03-26-35-06,FCDO HELP-S,MAC,Lo-hub,P2H,River Nile,Flexible,"$32,566.36",,Weekly allocation,,,,,,
LCC.AD.P2H.11-03-26-35,LCC.AD.P2H.11-03-26-35-07,FCDO HELP-S,MAC,Lo-hub,P2H,Blue Nile,Flexible,"$41,093.75",,Weekly allocation,,,,,,
LCC.AD.P2H.18-03-26-36,LCC.AD.P2H.24-03-26-36-01,FCDO HELP-S,MAC,Lo-hub,P2H,Khartoum,Flexible,"$58,539.60",,Weekly allocation,,,,,,
LCC.AD.P2H.18-03-26-36,LCC.AD.P2H.24-03-26-36-02,FCDO HELP-S,MAC,Lo-hub,P2H,South Darfur,Flexible,"$27,919.46",,Weekly allocation,,,,,,
LCC.AD.P2H.18-03-26-36,LCC.AD.P2H.24-03-26-36-03,FCDO HELP-S,MAC,Lo-hub,P2H,Central Darfur,Flexible,"$37,609.86",,Weekly allocation,,,,,,
LCC.AD.P2H.18-03-26-36,LCC.AD.P2H.24-03-26-36-04,FCDO HELP-S,MAC,Lo-hub,P2H,West Darfur,Flexible,"$28,853.13",,Weekly allocation,,,,,,
LCC.AD.P2H.18-03-26-36,LCC.AD.P2H.24-03-26-36-05,FCDO HELP-S,MAC,Lo-hub,P2H,Kassala,Flexible,"$26,032.98",,Weekly allocation,,,,,,
LCC.AD.P2H.18-03-26-36,LCC.AD.P2H.24-03-26-36-06,FCDO HELP-S,MAC,Lo-hub,P2H,Sinar,Flexible,"$29,523.62",,Weekly allocation,,,,,,
LCC.AD.P2H.18-03-26-36,LCC.AD.P2H.24-03-26-36-07,FCDO HELP-S,MAC,Lo-hub,P2H,South Kordofan,Flexible,"$41,521.35",,Weekly allocation,,,,,,
LCC.AD.P2H.26-03-26-37,LCC.AD.P2H.26-03-26-37-01,FCDO HELP-S,MAC,Lo-hub,P2H,North Darfur,Flexible,"$48,504.48",,Weekly allocation,,,,,,
LCC.AD.P2H.26-03-26-37,LCC.AD.P2H.26-03-26-37-02,FCDO HELP-S,MAC,Lo-hub,P2H,East Darfur,Flexible,"$41,162.67",,Weekly allocation,,,,,,
LCC.AD.P2H.26-03-26-37,LCC.AD.P2H.26-03-26-37-03,FCDO HELP-S,MAC,Lo-hub,P2H,Al Jazirah,Flexible,"$45,620.14",,Weekly allocation,,,,,,
LCC.AD.P2H.26-03-26-37,LCC.AD.P2H.26-03-26-37-04,FCDO HELP-S,MAC,Lo-hub,P2H,North Kordofan,Flexible,"$14,601.79",,Weekly allocation,,,,,,
LCC.AD.P2H.26-03-26-37,LCC.AD.P2H.26-03-26-37-05,FCDO HELP-S,MAC,Lo-hub,P2H,West Kordofan,Flexible,"$37,712.41",,Weekly allocation,,,,,,
LCC.AD.P2H.26-03-26-37,LCC.AD.P2H.26-03-26-37-06,FCDO HELP-S,MAC,Lo-hub,P2H,River Nile,Flexible,"$36,455.63",,Weekly allocation,,,,,,
LCC.AD.P2H.26-03-26-37,LCC.AD.P2H.26-03-26-37-07,FCDO HELP-S,MAC,Lo-hub,P2H,Blue Nile,Flexible,"$25,942.88",,Weekly allocation,,,,,,
LCC.AD.P2H.02-04-26-38,LCC.AD.P2H.02-04-26-38-01,FCDO HELP-S,MAC,Lo-hub,P2H,Khartoum,Flexible,"$68,698.21",,Weekly allocation,,,,,,
LCC.AD.P2H.02-04-26-38,LCC.AD.P2H.02-04-26-38-02,FCDO HELP-S,MAC,Lo-hub,P2H,Central Darfur,Flexible,"$38,175.87",,Weekly allocation,,,,,,
LCC.AD.P2H.02-04-26-38,LCC.AD.P2H.02-04-26-38-03,FCDO HELP-S,MAC,Lo-hub,P2H,West Darfur,Flexible,"$29,908.82",,Weekly allocation,,,,,,
LCC.AD.P2H.02-04-26-38,LCC.AD.P2H.02-04-26-38-04,FCDO HELP-S,MAC,Lo-hub,P2H,Kassala,Flexible,"$28,274.37",,Weekly allocation,,,,,,
LCC.AD.P2H.02-04-26-38,LCC.AD.P2H.02-04-26-38-05,FCDO HELP-S,MAC,Lo-hub,P2H,Sinar,Flexible,"$33,831.40",,Weekly allocation,,,,,,
LCC.AD.P2H.02-04-26-38,LCC.AD.P2H.02-04-26-38-06,FCDO HELP-S,MAC,Lo-hub,P2H,South Kordofan,Flexible,"$51,111.33",,Weekly allocation,,,,,,
LCC.AD.P2H.08-04-26-39,LCC.AD.P2H.08-04-26-39-01,FCDO HELP-S,MAC,Lo-hub,P2H,North Darfur,Flexible,"$41,105.37",,Weekly allocation,,,,,,
LCC.AD.P2H.08-04-26-39,LCC.AD.P2H.08-04-26-39-02,FCDO HELP-S,MAC,Lo-hub,P2H,East Darfur,Flexible,"$31,173.58",,Weekly allocation,,,,,,
LCC.AD.P2H.08-04-26-39,LCC.AD.P2H.08-04-26-39-03,FCDO HELP-S,MAC,Lo-hub,P2H,Al Jazirah,Flexible,"$37,800.41",,Weekly allocation,,,,,,
LCC.AD.P2H.08-04-26-39,LCC.AD.P2H.08-04-26-39-04,FCDO HELP-S,MAC,Lo-hub,P2H,North Kordofan,Flexible,"$41,949.90",,Weekly allocation,,,,,,
LCC.AD.P2H.08-04-26-39,LCC.AD.P2H.08-04-26-39-05,FCDO HELP-S,MAC,Lo-hub,P2H,West Kordofan,Flexible,"$27,962.88",,Weekly allocation,,,,,,
LCC.AD.P2H.08-04-26-39,LCC.AD.P2H.08-04-26-39-06,FCDO HELP-S,MAC,Lo-hub,P2H,River Nile,Flexible,"$29,308.57",,Weekly allocation,,,,,,
LCC.AD.P2H.08-04-26-39,LCC.AD.P2H.08-04-26-39-07,FCDO HELP-S,MAC,Lo-hub,P2H,Blue Nile,Flexible,"$40,699.29",,Weekly allocation,,,,,,
LCC.AD.P2H.15-04-26-40,LCC.AD.P2H.15-04-26-40-01,FCDO HELP-S,MAC,Lo-hub,P2H,Khartoum,Flexible,"$128,060.00",,Weekly allocation,,,,,,
LCC.AD.P2H.15-04-26-40,LCC.AD.P2H.15-04-26-40-02,FCDO HELP-S,MAC,Lo-hub,P2H,Central Darfur,Flexible,"$79,870.06",,Weekly allocation,,,,,,
LCC.AD.P2H.15-04-26-40,LCC.AD.P2H.15-04-26-40-03,FCDO HELP-S,MAC,Lo-hub,P2H,West Darfur,Flexible,"$64,826.72",,Weekly allocation,,,,,,
LCC.AD.P2H.15-04-26-40,LCC.AD.P2H.15-04-26-40-04,FCDO HELP-S,MAC,Lo-hub,P2H,Kassala,Flexible,"$55,127.95",,Weekly allocation,,,,,,
LCC.AD.P2H.15-04-26-40,LCC.AD.P2H.15-04-26-40-05,FCDO HELP-S,MAC,Lo-hub,P2H,Sinar,Flexible,"$70,286.05",,Weekly allocation,,,,,,
LCC.AD.P2H.15-04-26-40,LCC.AD.P2H.15-04-26-40-06,FCDO HELP-S,MAC,Lo-hub,P2H,South Kordofan,Flexible,"$94,991.53",,Weekly allocation,,,,,,
LCC.AD.P2H.22-04-26-41,LCC.AD.P2H.22-04-26-41-01,FCDO HELP-S,MAC,Lo-hub,P2H,North Darfur,Flexible,"$93,917.39",,Weekly allocation,,,,,,
LCC.AD.P2H.22-04-26-41,LCC.AD.P2H.22-04-26-41-02,FCDO HELP-S,MAC,Lo-hub,P2H,East Darfur,Flexible,"$75,754.69",,Weekly allocation,,,,,,
LCC.AD.P2H.22-04-26-41,LCC.AD.P2H.22-04-26-41-03,FCDO HELP-S,MAC,Lo-hub,P2H,Al Jazirah,Flexible,"$88,216.73",,Weekly allocation,,,,,,
LCC.AD.P2H.22-04-26-41,LCC.AD.P2H.22-04-26-41-04,FCDO HELP-S,MAC,Lo-hub,P2H,North Kordofan,Flexible,"$97,073.67",,Weekly allocation,,,,,,
LCC.AD.P2H.22-04-26-41,LCC.AD.P2H.22-04-26-41-05,FCDO HELP-S,MAC,Lo-hub,P2H,West Kordofan,Flexible,"$70,101.51",,Weekly allocation,,,,,,
LCC.AD.P2H.22-04-26-41,LCC.AD.P2H.22-04-26-41-06,FCDO HELP-S,MAC,Lo-hub,P2H,River Nile,Flexible,"$71,436.01",,Weekly allocation,,,,,,
LCC.AD.P2H.24-04-26-42,LCC.AD.P2H.24-04-26-42-01,FCDO HELP-S,PC,Lo-hub,P2H,Khartoum,WERR,"$215,000.00",,Restricted,,,,,,
LCC.AD.P2H.24-04-26-42,LCC.AD.P2H.24-04-26-42-02,FCDO HELP-S,PC,Lo-hub,P2H,West Kordofan,WERR,"$20,000.00",,Restricted,,,,,,
LCC.AD.P2H.24-04-26-42,LCC.AD.P2H.24-04-26-42-03,FCDO HELP-S,PC,Lo-hub,P2H,Blue Nile,WERR,"$60,000.00",,Restricted,,,,,,
LCC.AD.P2H.24-04-26-42,LCC.AD.P2H.24-04-26-42-04,FCDO HELP-S,PC,Lo-hub,P2H,Sinar,WERR,"$20,000.00",,Restricted,,,,,,
LCC.AD.P2H.24-04-26-42,LCC.AD.P2H.24-04-26-42-05,FCDO HELP-S,PC,Lo-hub,P2H,Al Jazirah,WERR,"$35,000.00",,Restricted,,,,,,
LCC.AD.P2H.24-04-26-42,LCC.AD.P2H.24-04-26-42-06,FCDO HELP-S,PC,Lo-hub,P2H,Kassala,WERR,"$25,000.00",,Restricted,,,,,,
LCC.AD.P2H.24-04-26-42,LCC.AD.P2H.24-04-26-42-07,FCDO HELP-S,PC,Lo-hub,P2H,South Darfur,WERR,"$120,000.00",,Restricted,,,,,,
LCC.AD.P2H.24-04-26-42,LCC.AD.P2H.24-04-26-42-08,FCDO HELP-S,PC,Lo-hub,P2H,West Darfur,WERR,"$20,000.00",,Restricted,,,,,,
LCC.AD.P2H.24-04-26-42,LCC.AD.P2H.24-04-26-42-09,FCDO HELP-S,PC,Lo-hub,P2H,East Darfur,WERR,"$85,000.00",,Restricted,,,,,,
LCC.AD.P2H.24-04-26-42,LCC.AD.P2H.24-04-26-42-10,FCDO HELP-S,PC,Lo-hub,P2H,Central Darfur,WERR,"$65,000.00",,Restricted,,,,,,
LCC.AD.P2H.24-04-26-42,LCC.AD.P2H.24-04-26-42-11,FCDO HELP-S,PC,Lo-hub,P2H,North Darfur,WERR,"$26,000.00",,Restricted,,,,,,
LCC.AD.P2H.24-04-26-42,LCC.AD.P2H.24-04-26-42-12,FCDO HELP-S,PC,Lo-hub,P2H,River Nile,WERR,"$20,000.00",,Restricted,,,,,,
LCC.AD.P2H.24-04-26-42,LCC.AD.P2H.24-04-26-42-13,FCDO HELP-S,PC,Lo-hub,P2H,North Kordofan,WERR,"$48,000.00",,Restricted,,,,,,
LCC.AD.P2H.24-04-26-42,LCC.AD.P2H.24-04-26-42-14,FCDO HELP-S,PC,Lo-hub,P2H,South Kordofan,WERR,"$53,000.00",,Restricted,,,,,,
LCC.AD.P2H.24-04-26-42,LCC.AD.P2H.24-04-26-42-15,FCDO HELP-S,PC,Lo-hub,P2H,Northern,WERR,"$20,000.00",,Restricted,,,,,,
LCC.AD.P2H.24-04-26-42,LCC.AD.P2H.24-04-26-42-16,FCDO HELP-S,PC,Lo-hub,P2H,WSRR Pool,WERR,"$168,000.00",,Restricted,,Protection/Travel,,,,
LCC.AD.P2H.04-05-26-43,LCC.AD.P2H.04-05-26-43-01,,MAC,Lo-hub,P2H,Khartoum,Flexible,"$264,979.72",,Weekly allocation,,,,,,
LCC.AD.P2H.04-05-26-43,LCC.AD.P2H.04-05-26-43-02,,MAC,Lo-hub,P2H,West Darfur,Flexible,"$134,455.09",,Weekly allocation,,,,,,
LCC.AD.P2H.04-05-26-43,LCC.AD.P2H.04-05-26-43-03,,MAC,Lo-hub,P2H,Kassala,Flexible,"$104,065.19",,Weekly allocation,,,,,,
LCC.AD.P2H.07-05-26-44,LCC.AD.P2H.07-05-26-44-01,,MAC,Lo-hub,P2H,Al Jazirah,Flexible,"$154,050.55",,Weekly allocation,,,,,,
LCC.AD.P2H.07-05-26-44,LCC.AD.P2H.07-05-26-44-02,,MAC,Lo-hub,P2H,North Kordofan,Flexible,"$165,122.63",,Weekly allocation,,,,,,
LCC.AD.P2H.07-05-26-44,LCC.AD.P2H.07-05-26-44-03,,MAC,Lo-hub,P2H,West Kordofan,Flexible,"$70,809.71",,Weekly allocation,,,,,,
LCC.AD.P2H.07-05-26-44,LCC.AD.P2H.07-05-26-44-04,,MAC,Lo-hub,P2H,River Nile,Flexible,"$116,854.80",,Weekly allocation,,,,,,
LCC.AD.P2H.13-05-26-45,LCC.AD.P2H.13-05-26-45-01,FCDO 3,MAC,Lo-hub,P2H,Khartoum,Flexible,"$140,001.17",,Weekly allocation,,2026-P2H-011,,,,
LCC.AD.P2H.13-05-26-45,LCC.AD.P2H.13-05-26-45-02,FCDO 3,MAC,Lo-hub,P2H,Central Darfur,Flexible,"$71,061.00",,Weekly allocation,,2026-P2H-011,,,,
LCC.AD.P2H.13-05-26-45,LCC.AD.P2H.13-05-26-45-03,FCDO 3,MAC,Lo-hub,P2H,West Darfur,Flexible,"$65,810.63",,Weekly allocation,,2026-P2H-011,,,,
LCC.AD.P2H.13-05-26-45,LCC.AD.P2H.13-05-26-45-04,FCDO 3,MAC,Lo-hub,P2H,Kassala,Flexible,"$54,338.54",,Weekly allocation,,2026-P2H-011,,,,
LCC.AD.P2H.13-05-26-45,LCC.AD.P2H.13-05-26-45-05,FCDO 3,MAC,Lo-hub,P2H,Sinar,Flexible,"$66,829.21",,Weekly allocation,,2026-P2H-011,,,,
LCC.AD.P2H.13-05-26-45,LCC.AD.P2H.13-05-26-45-06,FCDO 3,MAC,Lo-hub,P2H,South Kordofan,Flexible,"$101,959.45",,Weekly allocation,,2026-P2H-011,,,,
LCC.AD.P2H.20-05-26-46,LCC.AD.P2H.20-05-26-46-01,FCDO 3,MAC,Lo-hub,P2H,North Darfur,Flexible,"$132,637.50",,Weekly allocation,,2026-P2H-011,,,,
LCC.AD.P2H.20-05-26-46,LCC.AD.P2H.20-05-26-46-02,FCDO 3,MAC,Lo-hub,P2H,East Darfur,Flexible,"$87,059.11",,Weekly allocation,,2026-P2H-011,,,,
LCC.AD.P2H.20-05-26-46,LCC.AD.P2H.20-05-26-46-03,FCDO 3,MAC,Lo-hub,P2H,Al Jazirah,Flexible,"$107,826.85",,Weekly allocation,,2026-P2H-011,,,,
LCC.AD.P2H.20-05-26-46,LCC.AD.P2H.20-05-26-46-04,FCDO 3,MAC,Lo-hub,P2H,West Kordofan,Flexible,"$96,138.31",,Weekly allocation,,2026-P2H-011,,,,
LCC.AD.P2H.20-05-26-46,LCC.AD.P2H.20-05-26-46-05,FCDO 3,MAC,Lo-hub,P2H,River Nile,Flexible,"$76,338.23",,Weekly allocation,,2026-P2H-011,,,,
MAG.AD.P2H.20-05-26-47,LCC.AD.P2H.20-05-26-47-01,Kalliopea,Ops,Lo-hub,P2H,Cross Borden,MAG,"$91,000.00",,Restricted,,2026-P2H-010,,,,
MAG.AD.P2H.20-05-26-47,LCC.AD.P2H.20-05-26-47-02,Malala,PC,Lo-hub,P2H,Khartoum,WERR,"$35,000.00",,Restricted,,2026-P2H-011,,,,
MAG.AD.P2H.20-05-26-47,LCC.AD.P2H.20-05-26-47-03,Malala,PC,Lo-hub,P2H,South Darfur,WERR,"$5,000.00",,Restricted,,2026-P2H-011,,,,
MAG.AD.P2H.20-05-26-47,LCC.AD.P2H.20-05-26-47-04,Malala,PC,Lo-hub,P2H,South Kordofan,WERR,"$5,000.00",,Restricted,,2026-P2H-011,,,,
MAG.AD.P2H.20-05-26-47,LCC.AD.P2H.20-05-26-47-05,Malala,PC,Lo-hub,P2H,East Darfur,WERR,"$22,000.00",,Restricted,,2026-P2H-011,,,,
MAG.AD.P2H.20-05-26-47,LCC.AD.P2H.20-05-26-47-06,Malala,PC,Lo-hub,P2H,West Darfur,WERR,"$3,100.00",,Restricted,,2026-P2H-011,,,,
MAG.AD.P2H.20-05-26-47,LCC.AD.P2H.20-05-26-47-07,Malala,PC,Lo-hub,P2H,Central Darfur,WERR,"$3,000.00",,Restricted,,2026-P2H-011,,,,
MAG.AD.P2H.20-05-26-47,LCC.AD.P2H.20-05-26-47-08,Malala,PC,Lo-hub,P2H,North Kordofan,WERR,"$20,000.00",,Restricted,,2026-P2H-011,,,,
LCC.AD.CDP.21-05-26-48,LCC.AD.P2H.21-05-26-48-01,CDP,MAC,Almalam,CDP,North Darfur,Flexible,,,Weekly allocation,,2026-CDP-01,,,,
LCC.AD.CDP.21-05-26-48,LCC.AD.P2H.21-05-26-48-02,CDP,MAC,Almalam,CDP,East Darfur,Flexible,,,Weekly allocation,,2026-CDP-01,,,,
LCC.AD.CDP.21-05-26-48,LCC.AD.P2H.21-05-26-48-03,CDP,MAC,Almalam,CDP,Kassala,Flexible,,,Weekly allocation,,2026-CDP-01,,,,
LCC.AD.CDP.21-05-26-48,LCC.AD.P2H.21-05-26-48-04,CDP,MAC,Almalam,CDP,North Kordofan,Flexible,,,Weekly allocation,,2026-CDP-01,,,,
LCC.AD.CDP.21-05-26-48,LCC.AD.P2H.21-05-26-48-05,CDP,MAC,Almalam,CDP,South Kordofan,Flexible,,,Weekly allocation,,2026-CDP-01,,,,
LCC.AD.CDP.21-05-26-48,LCC.AD.P2H.21-05-26-48-06,CDP,MAC,Almalam,CDP,Blue Nile,Flexible,,,Weekly allocation,,2026-CDP-01,,,,
LCC.AD.CDP.14-05-26-49,LCC.AD.CDP.14-05-26-49-07,CDP,MAC,Gesr,CDP,Khartoum,Flexible,,,Weekly allocation,,2026-CDP-02,,,,
LCC.AD.CDP.14-05-26-49,LCC.AD.CDP.14-05-26-49-08,CDP,MAC,Gesr,CDP,South Darfur,Flexible,,,Weekly allocation,,2026-CDP-02,,,,
LCC.AD.CDP.14-05-26-49,LCC.AD.CDP.14-05-26-49-09,CDP,MAC,Gesr,CDP,West Darfur,Flexible,,,Weekly allocation,,2026-CDP-02,,,,
LCC.AD.CDP.14-05-26-49,LCC.AD.CDP.14-05-26-49-10,CDP,MAC,Gesr,CDP,Al Jazirah,Flexible,,,Weekly allocation,,2026-CDP-02,,,,
LCC.AD.CDP.14-05-26-49,LCC.AD.CDP.14-05-26-49-11,CDP,MAC,Gesr,CDP,Sinar,Flexible,,,Weekly allocation,,2026-CDP-02,,,,
LCC.AD.CDP.14-05-26-49,LCC.AD.CDP.14-05-26-49-12,CDP,MAC,Gesr,CDP,West Kordofan,Flexible,,,Weekly allocation,,2026-CDP-02,,,,
LCC.AD.CDP.14-05-26-49,LCC.AD.CDP.14-05-26-49-13,CDP,MAC,Gesr,CDP,River Nile,Flexible,,,Weekly allocation,,2026-CDP-02,,,,
LCC.AD.P2H.02-06-26-50-01,LCC.AD.P2H.02-06-26-50-01-01,,MAC,Lo-hub,P2H,Khartoum,Flexible,"$126,626.47",,Weekly allocation,,2026-P2H-012,,,,
LCC.AD.P2H.02-06-26-50-01,LCC.AD.P2H.02-06-26-50-01-02,,MAC,Lo-hub,P2H,South Darfur,Flexible,"$71,476.00",,Weekly allocation,,2026-P2H-012,,,,
LCC.AD.P2H.02-06-26-50-01,LCC.AD.P2H.02-06-26-50-01-03,,MAC,Lo-hub,P2H,Central Darfur,Flexible,"$51,051.49",,Weekly allocation,,2026-P2H-012,,,,
LCC.AD.P2H.02-06-26-50-01,LCC.AD.P2H.02-06-26-50-01-04,,MAC,Lo-hub,P2H,West Darfur,Flexible,"$56,064.27",,Weekly allocation,,2026-P2H-012,,,,
LCC.AD.P2H.02-06-26-50-01,LCC.AD.P2H.02-06-26-50-01-05,,MAC,Lo-hub,P2H,Kassala,Flexible,"$50,730.98",,Weekly allocation,,2026-P2H-012,,,,
LCC.AD.P2H.02-06-26-50-01,LCC.AD.P2H.02-06-26-50-01-06,,MAC,Lo-hub,P2H,Sinar,Flexible,"$53,763.86",,Weekly allocation,,2026-P2H-012,,,,
LCC.AD.P2H.02-06-26-50-01,LCC.AD.P2H.02-06-26-50-01-07,,MAC,Lo-hub,P2H,South Kordofan,Flexible,"$90,286.93",,Weekly allocation,,,,,,
LCC.AD.Avz.02-06-26-50-02,LCC.AD.Avz.02-06-26-50-02-01,,MAC,Lo-hub,Avaaz,Khartoum,Flexible,"$60,147.57",,Weekly allocation,,,,,,
LCC.AD.Avz.02-06-26-50-02,LCC.AD.Avz.02-06-26-50-02-02,,MAC,Lo-hub,Avaaz,South Darfur,Flexible,"$33,951.10",,Weekly allocation,,,,,,
LCC.AD.Avz.02-06-26-50-02,LCC.AD.Avz.02-06-26-50-02-03,,MAC,Lo-hub,Avaaz,Central Darfur,Flexible,"$24,249.46",,Weekly allocation,,,,,,
LCC.AD.Avz.02-06-26-50-02,LCC.AD.Avz.02-06-26-50-02-04,,MAC,Lo-hub,Avaaz,West Darfur,Flexible,"$26,630.53",,Weekly allocation,,,,,,
LCC.AD.Avz.02-06-26-50-02,LCC.AD.Avz.02-06-26-50-02-05,,MAC,Lo-hub,Avaaz,Kassala,Flexible,"$24,097.21",,Weekly allocation,,,,,,
LCC.AD.Avz.02-06-26-50-02,LCC.AD.Avz.02-06-26-50-02-06,,MAC,Lo-hub,Avaaz,Sinar,Flexible,"$25,537.84",,Weekly allocation,,,,,,
LCC.AD.Avz.02-06-26-50-02,LCC.AD.Avz.02-06-26-50-02-07,,MAC,Lo-hub,Avaaz,South Kordofan,Flexible,"$42,886.29",,Weekly allocation,,,,,,
LCC.AD.P2H.03-06-26-51-01,LCC.AD.P2H.03-06-26-51-01-01,,MAC,Lo-hub,P2H,North Darfur,Flexible,"$88,529.64",,Weekly allocation,,2026-P2H-012,,,,
LCC.AD.P2H.03-06-26-51-01,LCC.AD.P2H.03-06-26-51-01-02,,MAC,Lo-hub,P2H,East Darfur,Flexible,"$66,536.31",,Weekly allocation,,2026-P2H-012,,,,
LCC.AD.P2H.03-06-26-51-01,LCC.AD.P2H.03-06-26-51-01-03,,MAC,Lo-hub,P2H,Al Jazirah,Flexible,"$84,045.91",,Weekly allocation,,2026-P2H-012,,,,
LCC.AD.P2H.03-06-26-51-01,LCC.AD.P2H.03-06-26-51-01-04,,MAC,Lo-hub,P2H,North Kordofan,Flexible,"$83,972.96",,Weekly allocation,,2026-P2H-012,,,,
LCC.AD.P2H.03-06-26-51-01,LCC.AD.P2H.03-06-26-51-01-05,,MAC,Lo-hub,P2H,West Kordofan,Flexible,"$78,484.42",,Weekly allocation,,2026-P2H-012,,,,
LCC.AD.P2H.03-06-26-51-01,LCC.AD.P2H.03-06-26-51-01-06,,MAC,Lo-hub,P2H,River Nile,Flexible,"$52,728.15",,Weekly allocation,,2026-P2H-012,,,,
LCC.AD.P2H.03-06-26-51-01,LCC.AD.P2H.03-06-26-51-01-07,,MAC,Lo-hub,P2H,Blue Nile,Flexible,"$45,702.61",,Weekly allocation,,2026-P2H-012,,,,
LCC.AD.Avz.03-06-26-51-02,LCC.AD.Avz.03-06-26-51-02-01,,MAC,Lo-hub,Avaaz,North Darfur,Flexible,"$42,050.95",,Weekly allocation,,,,,,
LCC.AD.Avz.03-06-26-51-02,LCC.AD.Avz.03-06-26-51-02-02,,MAC,Lo-hub,Avaaz,East Darfur,Flexible,"$31,604.28",,Weekly allocation,,,,,,
LCC.AD.Avz.03-06-26-51-02,LCC.AD.Avz.03-06-26-51-02-03,,MAC,Lo-hub,Avaaz,Al Jazirah,Flexible,"$39,921.21",,Weekly allocation,,,,,,
LCC.AD.Avz.03-06-26-51-02,LCC.AD.Avz.03-06-26-51-02-04,,MAC,Lo-hub,Avaaz,North Kordofan,Flexible,"$39,886.57",,Weekly allocation,,,,,,
LCC.AD.Avz.03-06-26-51-02,LCC.AD.Avz.03-06-26-51-02-05,,MAC,Lo-hub,Avaaz,West Kordofan,Flexible,"$37,279.55",,Weekly allocation,,,,,,
LCC.AD.Avz.03-06-26-51-02,LCC.AD.Avz.03-06-26-51-02-06,,MAC,Lo-hub,Avaaz,River Nile,Flexible,"$25,045.51",,Weekly allocation,,,,,,
LCC.AD.Avz.03-06-26-51-02,LCC.AD.Avz.03-06-26-51-02-07,,MAC,Lo-hub,Avaaz,Blue Nile,Flexible,"$21,711.93",,Weekly allocation,,,,,,
LCC.AD.CDP.03-06-26-52,LCC.AD.CDP.03-06-26-52-01,,MAC,Almalam,CDP,,Flexible,,,Weekly allocation,,,,,,
LCC.AD.CDP.03-06-26-52,,,MAC,,CDP,,Flexible,,,Weekly allocation,,,,,,
LCC.AD.CDP.03-06-26-53,LCC.AD.CDP.03-06-26-53-01,,MAC,Gesr,CDP,,Flexible,,,Weekly allocation,,,,,,
LCC.AD.CDP.03-06-26-53,,,MAC,,CDP,,Flexible,,,Weekly allocation,,,,,,
LCC.AD.P2H.11-06-26-54,LCC.AD.P2H.11-06-26-54-01,,MAC,Lo-hub,P2H,Khartoum,Flexible,"$176,580.56",,Weekly allocation,,2026-P2H-013,,,,
LCC.AD.P2H.11-06-26-54,LCC.AD.P2H.11-06-26-54-02,,MAC,Lo-hub,P2H,West Darfur,Flexible,"$67,582.56",,Weekly allocation,,2026-P2H-013,,,,
LCC.AD.P2H.11-06-26-54,LCC.AD.P2H.11-06-26-54-03,,MAC,Lo-hub,P2H,Kassala,Flexible,"$67,704.29",,Weekly allocation,,2026-P2H-013,,,,
LCC.AD.P2H.11-06-26-54,LCC.AD.P2H.11-06-26-54-04,,MAC,Lo-hub,P2H,Sinar,Flexible,"$75,300.91",,Weekly allocation,,2026-P2H-013,,,,
LCC.AD.P2H.11-06-26-54,LCC.AD.P2H.11-06-26-54-05,,MAC,Lo-hub,P2H,South Kordofan,Flexible,"$112,831.69",,Weekly allocation,,2026-P2H-013,,,,
LCC.AD.P2H.17-06-26-55,LCC.AD.P2H.17-06-26-55-01,,,Lo-hub,P2H,North Darfur,Flexible,"$178,886.46",,Weekly allocation,,2026-P2H-013,,,,
LCC.AD.P2H.17-06-26-55,LCC.AD.P2H.17-06-26-55-02,,,Lo-hub,P2H,East Darfur,Flexible,"$109,545.03",,Weekly allocation,,2026-P2H-013,,,,
LCC.AD.P2H.17-06-26-55,LCC.AD.P2H.17-06-26-55-03,,,Lo-hub,P2H,Al Jazirah,Flexible,"$131,504.82",,Weekly allocation,,2026-P2H-013,,,,
LCC.AD.P2H.17-06-26-55,LCC.AD.P2H.17-06-26-55-04,,,Lo-hub,P2H,River Nile,Flexible,"$80,063.69",,Weekly allocation,,2026-P2H-013,,,,
LCC.AD.P2H.20-06-26-56,LCC.AD.P2H.20-06-26-55-01,,MAC,Lo-hub,P2H,North Kordofan,Flexible,"$2,000,000.00",,Weekly allocation,,2026-P2H-014,,,,
LCC.AD.P2H.24-06-26-57,LCC.AD.P2H.20-06-26-56-01,,MAC,Lo-hub,P2H,Khartoum,Flexible,"$61,196.71",,Weekly allocation,,2026-P2H-014,,,,
LCC.AD.P2H.24-06-26-57,LCC.AD.P2H.20-06-26-56-02,,MAC,Lo-hub,P2H,South Darfur,Flexible,"$28,740.72",,Weekly allocation,,2026-P2H-014,,,,
LCC.AD.P2H.24-06-26-57,LCC.AD.P2H.20-06-26-56-03,,MAC,Lo-hub,P2H,West Darfur,Flexible,"$27,710.33",,Weekly allocation,,2026-P2H-014,,,,
LCC.AD.P2H.24-06-26-57,LCC.AD.P2H.20-06-26-56-04,,MAC,Lo-hub,P2H,Kassala,Flexible,"$24,081.58",,Weekly allocation,,2026-P2H-014,,,,
LCC.AD.P2H.24-06-26-57,LCC.AD.P2H.20-06-26-56-05,,MAC,Lo-hub,P2H,Sinar,Flexible,"$29,016.05",,Weekly allocation,,2026-P2H-014,,,,
LCC.AD.P2H.24-06-26-57,LCC.AD.P2H.20-06-26-56-06,,MAC,Lo-hub,P2H,South Kordofan,Flexible,"$29,254.61",,Weekly allocation,,2026-P2H-014,,,,
LCC.AD.P2H.24-06-26-58,LCC.AD.P2H.20-06-26-57-01,,MAC,Lo-hub,P2H,Khartoum,Flexible,"$163,801.17",,Weekly allocation,,2026-P2H-014,,,,
LCC.AD.P2H.24-06-26-58,LCC.AD.P2H.20-06-26-57-02,,MAC,Lo-hub,P2H,West Darfur,Flexible,"$72,914.07",,Weekly allocation,,2026-P2H-014,,,,
LCC.AD.P2H.24-06-26-58,LCC.AD.P2H.20-06-26-57-03,,MAC,Lo-hub,P2H,Kassala,Flexible,"$60,122.02",,Weekly allocation,,2026-P2H-014,,,,
LCC.AD.P2H.24-06-26-58,LCC.AD.P2H.20-06-26-57-04,,MAC,Lo-hub,P2H,Sinar,Flexible,"$82,119.46",,Weekly allocation,,2026-P2H-014,,,,
LCC.AD.P2H.24-06-26-58,LCC.AD.P2H.20-06-26-57-05,,MAC,Lo-hub,P2H,South Kordofan,Flexible,"$121,043.28",,Weekly allocation,,2026-P2H-014,,,,
LCC.AD.P2H.01-07-26-59,LCC.AD.P2H.01-07-26-59-01,,MAC,Lo-hub,P2H,North Darfur,Flexible,"$154,909.77",,Weekly allocation,,2026-P2H-016,,,,
LCC.AD.P2H.01-07-26-59,LCC.AD.P2H.01-07-26-59-02,,MAC,Lo-hub,P2H,East Darfur,Flexible,"$76,574.05",,Weekly allocation,,2026-P2H-016,,,,
LCC.AD.P2H.01-07-26-59,LCC.AD.P2H.01-07-26-59-03,,MAC,Lo-hub,P2H,Al Jazirah,Flexible,"$115,971.80",,Weekly allocation,,2026-P2H-016,,,,
LCC.AD.P2H.01-07-26-59,LCC.AD.P2H.01-07-26-59-04,,MAC,Lo-hub,P2H,West Kordofan,Flexible,"$109,648.50",,Weekly allocation,,2026-P2H-016,,,,
LCC.AD.P2H.01-07-26-59,LCC.AD.P2H.01-07-26-59-05,,MAC,Lo-hub,P2H,River Nile,Flexible,"$42,895.88",,Weekly allocation,,2026-P2H-016,,,,
LCC.AD.P2H.01-07-26-60,LCC.AD.P2H.01-07-26-60-01,,MAC,Lo-hub,P2H,North Darfur,Flexible,"$63,742.10",,Weekly allocation,,2026-P2H-016,,,,
LCC.AD.P2H.01-07-26-60,LCC.AD.P2H.01-07-26-60-02,,MAC,Lo-hub,P2H,East Darfur,Flexible,"$41,602.66",,Weekly allocation,,2026-P2H-016,,,,
LCC.AD.P2H.01-07-26-60,LCC.AD.P2H.01-07-26-60-03,,MAC,Lo-hub,P2H,Al Jazirah,Flexible,"$58,114.95",,Weekly allocation,,2026-P2H-016,,,,
LCC.AD.P2H.01-07-26-60,LCC.AD.P2H.01-07-26-60-04,,MAC,Lo-hub,P2H,River Nile,Flexible,"$23,402.48",,Weekly allocation,,2026-P2H-016,,,,
LCC.AD.P2H.01-07-26-60,LCC.AD.P2H.01-07-26-60-05,,MAC,Lo-hub,P2H,Blue Nile,Flexible,"$13,137.81",,Weekly allocation,,2026-P2H-016,,,,
LCC.AD.P2H.08-07-26-61,LCC.AD.P2H.08-07-26-61-01,,MAC,Lo-hub,P2H,West Darfur,Flexible,"$100,000.00",,Weekly allocation,,2026-P2H-017,,,,
LCC.AD.P2H.08-07-26-62,LCC.AD.P2H.08-07-26-62-01,,MAC,Lo-hub,P2H,Khartoum,Flexible,"$154,863.60",,Weekly allocation,,2026-P2H-017,,,,
LCC.AD.P2H.08-07-26-62,LCC.AD.P2H.08-07-26-62-02,,MAC,Lo-hub,P2H,Central Darfur,Flexible,"$37,414.93",,Weekly allocation,,2026-P2H-017,,,,
LCC.AD.P2H.08-07-26-62,LCC.AD.P2H.08-07-26-62-03,,MAC,Lo-hub,P2H,West Darfur,Flexible,"$71,712.30",,Weekly allocation,,2026-P2H-017,,,,
LCC.AD.P2H.08-07-26-62,LCC.AD.P2H.08-07-26-62-04,,MAC,Lo-hub,P2H,Kassala,Flexible,"$56,049.44",,Weekly allocation,,2026-P2H-017,,,,
LCC.AD.P2H.08-07-26-62,LCC.AD.P2H.08-07-26-62-05,,MAC,Lo-hub,P2H,Sinar,Flexible,"$70,904.48",,Weekly allocation,,2026-P2H-017,,,,
LCC.AD.P2H.08-07-26-62,LCC.AD.P2H.08-07-26-62-06,,MAC,Lo-hub,P2H,South Kordofan,Flexible,"$109,055.25",,Weekly allocation,,2026-P2H-017,,,,
LCC.AD.P2H.15-07-26-63,LCC.AD.P2H.15-07-26-63-01,,MAC,Lo-hub,P2H,North Darfur,Flexible,"$180,573.42",,Weekly allocation,,2026-P2H-018,,,,
LCC.AD.P2H.15-07-26-63,LCC.AD.P2H.15-07-26-63-02,,MAC,Lo-hub,P2H,East Darfur,Flexible,"$92,813.35",,Weekly allocation,,2026-P2H-018,,,,
LCC.AD.P2H.15-07-26-63,LCC.AD.P2H.15-07-26-63-03,,MAC,Lo-hub,P2H,Al Jazirah,Flexible,"$138,534.88",,Weekly allocation,,2026-P2H-018,,,,
LCC.AD.P2H.15-07-26-63,LCC.AD.P2H.15-07-26-63-04,,MAC,Lo-hub,P2H,River Nile,Flexible,"$88,078.35",,Weekly allocation,,2026-P2H-018,,,,