match_status,sheet_code,sheet_sequence,airtable_allocation_id,match_method,partner,state,amount,likely_airtable_series,likely_airtable_allocation_id,likely_airtable_state,airtable_amount,amount_mismatch
matched,LCC.AD.VTL.26-07-2024-01,LCC.AD.26-07-2024-01-01,LCC.AD.P2H.24-07-26.5,partner+date+state+amount,P2H,Khartoum,127398.04,,,,127398.04,0
matched,LCC.AD.VTL.26-07-2024-01,LCC.AD.26-07-2024-01-02,LCC.AD.P2H.24-07-26.3,partner+date+state+amount,P2H,West Kordofan,14690.78,,,,14690.78,0
matched,LCC.AD.VTL.26-07-2024-01,LCC.AD.26-07-2024-01-03,LCC.AD.P2H.24-07-26.4,partner+date+state+amount,P2H,Sinar,29420,,,,29420,0
matched,LCC.AD.VTL.26-07-2024-01,LCC.AD.26-07-2024-01-04,LCC.AD.P2H.24-07-26.2,partner+date+state+amount,P2H,Blue Nile,14691.18,,,,14691.18,0
matched,LCC.AD.DKH.12-08-2024-02,LCC.AD.12-08-2024-02-01,LCC.AD.P2H.24-08-12.6,partner+date+state+amount,P2H,South Darfur,65499.81,,,,65499.81,0
matched,LCC.AD.DKH.12-08-2024-02,LCC.AD.12-08-2024-02-02,LCC.AD.P2H.24-08-12.14,partner+date+state+amount,P2H,North Darfur,51886.02,,,,51886.02,0
matched,LCC.AD.DKH.12-08-2024-02,LCC.AD.12-08-2024-02-03,LCC.AD.P2H.24-08-12.9,partner+date+state+amount,P2H,East Darfur,85000,,,,85000,0
matched,LCC.AD.DKH.12-08-2024-02,LCC.AD.12-08-2024-02-04,LCC.AD.P2H.24-08-12.7,partner+date+state+amount,P2H,Khartoum,160666.83,,,,160666.83,0
matched,LCC.AD.DKH.12-08-2024-02,LCC.AD.12-08-2024-02-05,LCC.AD.P2H.24-08-12.8,partner+date+state+amount,P2H,Sinar,41674.36,,,,41674.36,0
matched,LCC.AD.DKH.12-08-2024-02,LCC.AD.12-08-2024-02-06,LCC.AD.P2H.24-08-12.12,partner+date+state+amount,P2H,West Kordofan,29493,,,,29493,0
matched,LCC.AD.DKH.12-08-2024-02,LCC.AD.12-08-2024-02-07,LCC.AD.P2H.24-08-12.11,partner+date+state+amount,P2H,Kassala,25323.25,,,,25323.25,0
matched,LCC.AD.DKH.12-08-2024-02,LCC.AD.12-08-2024-02-08,LCC.AD.P2H.24-08-12.10,partner+date+state+amount,P2H,Blue Nile,24342.5,,,,24342.5,0
matched,LCC.AD.DKH.12-08-2024-02,LCC.AD.12-08-2024-02-09,LCC.AD.P2H.24-08-12.13,partner+date+state+amount,P2H,Gadarif,4850.19,,,,4850.19,0
matched,LCC.AD.P2H.12-11-24-03,LCC.AD.P2H.12-11-24-03-01,LCC.AD.P2H.24-11-12.15,partner+date+state+amount,P2H,Al Jazirah,19600,,,,19600,0
matched,LCC.AD.P2H.10-12-24-04,LCC.AD.12-11-24-04-01,LCC.AD.P2H.24-12-08.16,partner+state+amount,P2H,Khartoum,100000,,,,100000,0
matched,LCC.AD.P2H.10-12-24-05,LCC.AD.P2H.10-12-24-05-01,LCC.AD.P2H.24-12-18.19,partner+state+amount,P2H,South Darfur,51895.16,,,,51895.16,0
matched,LCC.AD.P2H.10-12-24-05,LCC.AD.P2H.10-12-24-05-02,LCC.AD.P2H.24-12-18.20,partner+state+amount,P2H,North Darfur,89652.84,,,,89652.84,0
matched,LCC.AD.P2H.10-12-24-05,LCC.AD.P2H.10-12-24-05-03,LCC.AD.P2H.24-12-18.21,partner+state+amount,P2H,East Darfur,3652,,,,3652,0
matched,LCC.AD.P2H.10-12-24-05,LCC.AD.P2H.10-12-24-05-04,LCC.AD.P2H.24-12-18.22,partner+state+amount,P2H,Central Darfur,4800,,,,4800,0
matched,LCC.AD.P2H.10-12-24-05,LCC.AD.P2H.10-12-24-05-05,LCC.AD.P2H.24-12-18.18,partner+state+amount,P2H,West Kordofan,30000,,,,30000,0
matched,LCC.AD.P2H.10-12-24-05,LCC.AD.P2H.10-12-24-05-06,LCC.AD.P2H.24-12-18.17,partner+state+amount,P2H,Kassala,20000,,,,20000,0
matched,LCC.AD.P2H.16-01-25-06,LCC.AD.P2H.16-01-25-06-01,LCC.AD.P2H.25-01-16.29,partner+date+state+amount,P2H,South Darfur,30050,,,,30050,0
matched,LCC.AD.P2H.16-01-25-06,LCC.AD.P2H.16-01-25-06-02,LCC.AD.P2H.25-01-16.26,partner+date+state+amount,P2H,North Darfur,42000,,,,42000,0
matched,LCC.AD.P2H.16-01-25-06,LCC.AD.P2H.16-01-25-06-03,LCC.AD.P2H.25-01-16.28,partner+date+state+amount,P2H,East Darfur,53300,,,,53300,0
matched,LCC.AD.P2H.16-01-25-06,LCC.AD.P2H.16-01-25-06-04,LCC.AD.P2H.25-01-16.23,partner+date+state+amount,P2H,Central Darfur,18150,,,,18150,0
matched,LCC.AD.P2H.16-01-25-06,LCC.AD.P2H.16-01-25-06-05,LCC.AD.P2H.25-01-16.25,partner+date+state+amount,P2H,Khartoum,150500,,,,150500,0
matched,LCC.AD.P2H.16-01-25-06,LCC.AD.P2H.16-01-25-06-06,LCC.AD.P2H.25-01-16.27,partner+date+state+amount,P2H,Sinar,43000,,,,43000,0
matched,LCC.AD.P2H.16-01-25-06,LCC.AD.P2H.16-01-25-06-07,LCC.AD.P2H.25-01-16.24,partner+date+state+amount,P2H,West Kordofan,43000,,,,43000,0
matched,LCC.AD.P2H.16-01-25-06,LCC.AD.P2H.16-01-25-06-08,LCC.AD.P2H.25-01-16.30,partner+date+state+amount,P2H,Kassala,43000,,,,43000,0
matched,LCC.AD.DKH.08-03-25-08,LCC.AD.12-11-24-07-02,LCC.AD.P2H.25-03-08.52,partner+date+state+amount,P2H,North Darfur,45000,,,,45000,0
matched,LCC.AD.DKH.08-03-25-08,LCC.AD.12-11-24-07-04,LCC.AD.P2H.25-03-08.51,partner+date+state+amount,P2H,Central Darfur,27000,,,,27000,0
matched,LCC.AD.DKH.08-03-25-08,LCC.AD.12-11-24-07-05,LCC.AD.P2H.25-03-08.44,partner+date+state+amount,P2H,West Darfur,27000,,,,27000,0
matched,LCC.AD.DKH.08-03-25-08,LCC.AD.12-11-24-07-06,LCC.AD.P2H.25-03-08.48,partner+date+state+amount,P2H,Khartoum,55000,,,,55000,0
matched,LCC.AD.DKH.08-03-25-08,LCC.AD.12-11-24-07-07,LCC.AD.P2H.25-03-08.50,partner+date+state+amount,P2H,Sinar,27000,,,,27000,0
matched,LCC.AD.DKH.08-03-25-08,LCC.AD.12-11-24-07-08,LCC.AD.P2H.25-03-08.55,partner+date+state+amount,P2H,West Kordofan,27000,,,,27000,0
matched,LCC.AD.DKH.08-03-25-08,LCC.AD.12-11-24-07-09,LCC.AD.P2H.25-03-08.53,partner+date+state+amount,P2H,Kassala,27000,,,,27000,0
matched,LCC.AD.DKH.08-03-25-08,LCC.AD.12-11-24-07-10,LCC.AD.P2H.25-03-08.54,partner+date+state+amount,P2H,Al Jazirah,27000,,,,27000,0
matched,LCC.AD.DKH.08-03-25-08,LCC.AD.12-11-24-07-11,LCC.AD.P2H.25-03-08.47,partner+date+state+amount,P2H,River Nile,27000,,,,27000,0
matched,LCC.AD.DKH.08-03-25-08,LCC.AD.12-11-24-07-12,LCC.AD.P2H.25-03-08.46,partner+date+state+amount,P2H,North Kordofan,10200,,,,10200,0
matched,LCC.AD.LGT.24-02-25-07,LCC.AD.12-11-24-08-01,LCC.AD.P2H.25-02-24.40,partner+date+state+amount,P2H,South Darfur,19000,,,,19000,0
matched,LCC.AD.LGT.24-02-25-07,LCC.AD.12-11-24-08-02,LCC.AD.P2H.25-02-24.34,partner+date+state+amount,P2H,North Darfur,19000,,,,19000,0
matched,LCC.AD.LGT.24-02-25-07,LCC.AD.12-11-24-08-03,LCC.AD.P2H.25-02-24.41,partner+date+state+amount,P2H,East Darfur,19000,,,,19000,0
matched,LCC.AD.LGT.24-02-25-07,LCC.AD.12-11-24-08-04,LCC.AD.P2H.25-02-24.39,partner+date+state+amount,P2H,Central Darfur,19000,,,,19000,0
matched,LCC.AD.LGT.24-02-25-07,LCC.AD.12-11-24-08-05,LCC.AD.P2H.25-02-24.42,partner+date+state+amount,P2H,West Darfur,19000,,,,19000,0
matched,LCC.AD.LGT.24-02-25-07,LCC.AD.12-11-24-08-06,LCC.AD.P2H.25-02-24.38,partner+date+state+amount,P2H,Khartoum,19000,,,,19000,0
matched,LCC.AD.LGT.24-02-25-07,LCC.AD.12-11-24-08-07,LCC.AD.P2H.25-02-24.43,partner+date+state+amount,P2H,Sinar,19000,,,,19000,0
matched,LCC.AD.LGT.24-02-25-07,LCC.AD.12-11-24-08-08,LCC.AD.P2H.25-02-24.36,partner+date+state+amount,P2H,West Kordofan,19000,,,,19000,0
matched,LCC.AD.LGT.24-02-25-07,LCC.AD.12-11-24-08-09,LCC.AD.P2H.25-02-24.37,partner+date+state+amount,P2H,Kassala,19000,,,,19000,0
matched,LCC.AD.LGT.24-02-25-07,LCC.AD.12-11-24-08-10,LCC.AD.P2H.25-02-24.35,partner+date+state+amount,P2H,Al Jazirah,19000,,,,19000,0
matched,LCC.AD.LGT.24-02-25-07,LCC.AD.12-11-24-08-11,LCC.AD.P2H.25-02-24.32,partner+date+state+amount,P2H,White Nile,6000,,,,6000,0
matched,LCC.AD.LGT.24-02-25-07,LCC.AD.12-11-24-08-12,LCC.AD.P2H.25-02-24.33,partner+date+state+amount,P2H,River Nile,19000,,,,19000,0
matched,LCC.AD.P2H.15-04-25-09,LCC.AD.12-11-24-09-01,LCC.AD.P2H.25-04-15.63,partner+date+state+amount,P2H,North Darfur,95050,,,,95050,0
matched,LCC.AD.P2H.15-04-25-09,LCC.AD.12-11-24-09-02,LCC.AD.P2H.25-04-15.59,partner+date+state+amount,P2H,South Darfur,18758,,,,18758,0
matched,LCC.AD.P2H.15-04-25-09,LCC.AD.12-11-24-09-03,LCC.AD.P2H.25-04-15.62,partner+date+state+amount,P2H,East Darfur,15000,,,,15000,0
matched,LCC.AD.P2H.15-04-25-09,LCC.AD.12-11-24-09-04,LCC.AD.P2H.25-04-15.64,partner+date+state+amount,P2H,Central Darfur,15242,,,,15242,0
matched,LCC.AD.P2H.15-04-25-09,LCC.AD.12-11-24-09-05,LCC.AD.P2H.25-04-15.61,partner+date+state+amount,P2H,East Darfur,10500,,,,10500,0
matched,LCC.AD.P2H.15-04-25-09,LCC.AD.12-11-24-09-06,LCC.AD.P2H.25-04-15.57,partner+date+state+amount,P2H,Khartoum,30500,,,,30500,0
matched,LCC.AD.P2H.15-04-25-09,LCC.AD.12-11-24-09-07,LCC.AD.P2H.25-04-15.58,partner+date+state+amount,P2H,Sinar,9683,,,,9683,0
matched,LCC.AD.P2H.15-04-25-09,LCC.AD.12-11-24-09-08,LCC.AD.P2H.25-04-15.60,partner+date+state+amount,P2H,South Kordofan,10267,,,,10267,0
matched,LCC.AD.P2H.15-04-25-09,LCC.AD.12-11-24-09-09,LCC.AD.P2H.25-04-15.56,partner+date+state+amount,P2H,LCC,9000,,,,9000,0
matched,LCC.AD.P2H.14-05-25-10,LCC.AD.12-11-24-10-01,LCC.AD.P2H.25-05-14.71,partner+date+state+amount,P2H,Khartoum,24465,,,,24465,0
matched,LCC.AD.P2H.14-05-25-10,LCC.AD.12-11-24-10-02,LCC.AD.P2H.25-05-14.68,partner+date+state+amount,P2H,Al Jazirah,13230,,,,13230,0
matched,LCC.AD.P2H.14-05-25-10,LCC.AD.12-11-24-10-03,LCC.AD.P2H.25-05-14.66,partner+date+state+amount,P2H,River Nile,10743,,,,10743,0
matched,LCC.AD.P2H.14-05-25-10,LCC.AD.12-11-24-10-04,LCC.AD.P2H.25-05-14.67,partner+date+state+amount,P2H,Kassala,13014,,,,13014,0
matched,LCC.AD.P2H.14-05-25-10,LCC.AD.12-11-24-10-05,LCC.AD.P2H.25-05-14.65,partner+date+state+amount,P2H,East Darfur,18296,,,,18296,0
matched,LCC.AD.P2H.14-05-25-10,LCC.AD.12-11-24-10-06,LCC.AD.P2H.25-05-14.70,partner+date+state+amount,P2H,West Kordofan,16118,,,,16118,0
matched,LCC.AD.P2H.14-05-25-10,LCC.AD.12-11-24-10-07,LCC.AD.P2H.25-05-14.69,partner+date+state+amount,P2H,LCC,4134,,,,4134,0
matched,LCC.AD.P2H.14-05-25-11,LCC.AD.12-11-24-11-02,LCC.AD.P2H.25-05-28.89,partner+state+amount,P2H,Khartoum,43902,,,,43902,0
matched,LCC.AD.P2H.14-05-25-11,LCC.AD.12-11-24-11-03,LCC.AD.P2H.25-05-28.91,partner+state+amount,P2H,Al Jazirah,20293,,,,20293,0
matched,LCC.AD.P2H.14-05-25-11,LCC.AD.12-11-24-11-04,LCC.AD.P2H.25-05-28.78,partner+state+amount,P2H,North Kordofan,16098,,,,16098,0
matched,LCC.AD.P2H.14-05-25-11,LCC.AD.12-11-24-11-05,LCC.AD.P2H.25-05-28.81,partner+state+amount,P2H,West Kordofan,24134,,,,24134,0
matched,LCC.AD.P2H.14-05-25-11,LCC.AD.12-11-24-11-06,LCC.AD.P2H.25-05-28.79,partner+state+amount,P2H,South Kordofan,7082,,,,7082,0
matched,LCC.AD.P2H.14-05-25-11,LCC.AD.12-11-24-11-07,LCC.AD.P2H.25-05-28.87,partner+state+amount,P2H,River Nile,14993,,,,14993,0
matched,LCC.AD.P2H.14-05-25-11,LCC.AD.12-11-24-11-08,LCC.AD.P2H.25-05-28.84,partner+state+amount,P2H,Kassala,6056,,,,6056,0
matched,LCC.AD.P2H.14-05-25-11,LCC.AD.12-11-24-11-09,LCC.AD.P2H.25-05-28.88,partner+state+amount,P2H,East Darfur,24649,,,,24649,0
matched,LCC.AD.P2H.11-06-25-12,LCC.AD.12-11-24-12-01,LCC.AD.P2H.25-06-11.96,partner+date+state+amount,P2H,LCC,5000,,,,5000,0
matched,LCC.AD.P2H.11-06-25-12,LCC.AD.12-11-24-12-02,LCC.AD.P2H.25-06-11.100,partner+date+state+amount,P2H,Khartoum,13462,,,,13462,0
matched,LCC.AD.P2H.11-06-25-12,LCC.AD.12-11-24-12-03,LCC.AD.P2H.25-06-11.93,partner+date+state+amount,P2H,Al Jazirah,7204,,,,7204,0
matched,LCC.AD.P2H.11-06-25-12,LCC.AD.12-11-24-12-04,LCC.AD.P2H.25-06-11.104,partner+date+state+amount,P2H,North Kordofan,5744,,,,5744,0
matched,LCC.AD.P2H.11-06-25-12,LCC.AD.12-11-24-12-05,LCC.AD.P2H.25-06-11.97,partner+date+state+amount,P2H,West Kordofan,7276,,,,7276,0
matched,LCC.AD.P2H.11-06-25-12,LCC.AD.12-11-24-12-06,LCC.AD.P2H.25-06-11.103,partner+date+state+amount,P2H,South Kordofan,5751,,,,5751,0
matched,LCC.AD.P2H.11-06-25-12,LCC.AD.12-11-24-12-07,LCC.AD.P2H.25-06-11.99,partner+date+state+amount,P2H,River Nile,5500,,,,5500,0
matched,LCC.AD.P2H.11-06-25-12,LCC.AD.12-11-24-12-08,LCC.AD.P2H.25-06-11.101,partner+date+state+amount,P2H,Kassala,4674,,,,4674,0
matched,LCC.AD.P2H.11-06-25-12,LCC.AD.12-11-24-12-09,LCC.AD.P2H.25-06-11.98,partner+date+state+amount,P2H,East Darfur,14126,,,,14126,0
matched,LCC.AD.P2H.11-06-25-12,LCC.AD.12-11-24-12-10,LCC.AD.P2H.25-06-11.94,partner+date+state+amount,P2H,North Darfur,7754,,,,7754,0
matched,LCC.AD.P2H.11-06-25-12,LCC.AD.12-11-24-12-11,LCC.AD.P2H.25-06-11.92,partner+date+state+amount,P2H,South Darfur,10223,,,,10223,0
matched,LCC.AD.P2H.11-06-25-12,LCC.AD.12-11-24-12-12,LCC.AD.P2H.25-06-11.95,partner+date+state+amount,P2H,Central Darfur,6997,,,,6997,0
matched,LCC.AD.P2H.11-06-25-12,LCC.AD.12-11-24-12-13,LCC.AD.P2H.25-06-11.102,partner+date+state+amount,P2H,Sinar,6289,,,,6289,0
matched,LCC.AD.P2H.18-06-25-13,LCC.AD.12-11-24-13-01,LCC.AD.P2H.25-06-18.109,partner+date+state+amount,P2H,LCC,5000,,,,5000,0
matched,LCC.AD.P2H.18-06-25-13,LCC.AD.12-11-24-13-02,LCC.AD.P2H.25-06-18.106,partner+date+state+amount,P2H,Khartoum,11411,,,,11411,0
matched,LCC.AD.P2H.18-06-25-13,LCC.AD.12-11-24-13-03,LCC.AD.P2H.25-06-18.105,partner+date+state+amount,P2H,Al Jazirah,7440,,,,7440,0
matched,LCC.AD.P2H.18-06-25-13,LCC.AD.12-11-24-13-04,LCC.AD.P2H.25-06-18.107,partner+date+state+amount,P2H,North Kordofan,5505,,,,5505,0
matched,LCC.AD.P2H.18-06-25-13,LCC.AD.12-11-24-13-05,LCC.AD.P2H.25-06-18.113,partner+date+state+amount,P2H,West Kordofan,11257,,,,11257,0
matched,LCC.AD.P2H.18-06-25-13,LCC.AD.12-11-24-13-06,LCC.AD.P2H.25-06-18.111,partner+date+state+amount,P2H,South Kordofan,6983,,,,6983,0
matched,LCC.AD.P2H.18-06-25-13,LCC.AD.12-11-24-13-07,LCC.AD.P2H.25-06-18.116,partner+date+state+amount,P2H,River Nile,4677,,,,4677,0
matched,LCC.AD.P2H.18-06-25-13,LCC.AD.12-11-24-13-08,LCC.AD.P2H.25-06-18.115,partner+date+state+amount,P2H,Kassala,3818,,,,3818,0
matched,LCC.AD.P2H.18-06-25-13,LCC.AD.12-11-24-13-09,LCC.AD.P2H.25-06-18.108,partner+date+state+amount,P2H,East Darfur,11440,,,,11440,0
matched,LCC.AD.P2H.18-06-25-13,LCC.AD.12-11-24-13-10,LCC.AD.P2H.25-06-18.112,partner+date+state+amount,P2H,North Darfur,10191,,,,10191,0
matched,LCC.AD.P2H.18-06-25-13,LCC.AD.12-11-24-13-11,LCC.AD.P2H.25-06-18.114,partner+date+state+amount,P2H,South Darfur,8073,,,,8073,0
matched,LCC.AD.P2H.18-06-25-13,LCC.AD.12-11-24-13-12,LCC.AD.P2H.25-06-18.110,partner+date+state+amount,P2H,Central Darfur,7803,,,,7803,0
matched,LCC.AD.P2H.18-06-25-13,LCC.AD.12-11-24-13-13,LCC.AD.P2H.25-06-18.117,partner+date+state+amount,P2H,Sinar,6402,,,,6402,0
matched,LCC.AD.P2H.25-06-25-14,LCC.AD.12-11-24-14-01,LCC.AD.P2H.25-07-02.121,partner+state+amount,P2H,LCC,10000,,,,10000,0
matched,LCC.AD.P2H.25-06-25-14,LCC.AD.12-11-24-14-02,LCC.AD.P2H.25-07-02.131,partner+state+amount,P2H,Khartoum,30173,,,,30173,0
matched,LCC.AD.P2H.25-06-25-14,LCC.AD.12-11-24-14-03,LCC.AD.P2H.25-07-02.126,partner+state+amount,P2H,East Darfur,29145,,,,29145,0
matched,LCC.AD.P2H.25-06-25-14,LCC.AD.12-11-24-14-04,LCC.AD.P2H.25-07-02.124,partner+state+amount,P2H,North Darfur,28167,,,,28167,0
matched,LCC.AD.P2H.25-06-25-14,LCC.AD.12-11-24-14-05,LCC.AD.P2H.25-07-02.123,partner+state+amount,P2H,South Darfur,21697,,,,21697,0
matched,LCC.AD.P2H.25-06-25-14,LCC.AD.12-11-24-14-06,LCC.AD.P2H.25-07-02.122,partner+state+amount,P2H,Central Darfur,19237,,,,19237,0
matched,LCC.AD.P2H.25-06-25-14,LCC.AD.12-11-24-14-07,LCC.AD.P2H.25-07-02.125,partner+state+amount,P2H,Sinar,16284,,,,16284,0
matched,LCC.AD.P2H.25-06-25-14,LCC.AD.12-11-24-14-08,LCC.AD.P2H.25-07-02.119,partner+state+amount,P2H,West Darfur,5711,,,,5711,0
matched,LCC.AD.P2H.25-06-25-14,LCC.AD.12-11-24-14-09,LCC.AD.P2H.25-07-02.128,partner+state+amount,P2H,Kassala,5368,,,,5368,0
matched,LCC.AD.P2H.25-06-25-14,LCC.AD.12-11-24-14-10,LCC.AD.P2H.25-07-02.129,partner+state+amount,P2H,Al Jazirah,7352,,,,7352,0
matched,LCC.AD.P2H.25-06-25-14,LCC.AD.12-11-24-14-11,LCC.AD.P2H.25-07-02.120,partner+state+amount,P2H,North Kordofan,6386,,,,6386,0
matched,LCC.AD.P2H.25-06-25-14,LCC.AD.12-11-24-14-12,LCC.AD.P2H.25-07-02.127,partner+state+amount,P2H,South Kordofan,5834,,,,5834,0
matched,LCC.AD.P2H.25-06-25-14,LCC.AD.12-11-24-14-13,LCC.AD.P2H.25-07-02.130,partner+state+amount,P2H,West Kordofan,10321,,,,10321,0
matched,LCC.AD.P2H.25-06-25-14,LCC.AD.12-11-24-14-14,LCC.AD.P2H.25-07-02.118,partner+state+amount,P2H,River Nile,4325,,,,4325,0
matched,LCC.AD.P2H.02-07-25-15,LCC.AD.P2H.02-07-25-15-01,LCC.AD.P2H.25-07-16.136,partner+state+amount,P2H,LCC,10000,,,,10000,0
matched,LCC.AD.P2H.02-07-25-15,LCC.AD.P2H.02-07-25-15-02,LCC.AD.P2H.25-07-16.135,partner+state+amount,P2H,South Darfur,16865,,,,16865,0
matched,LCC.AD.P2H.02-07-25-15,LCC.AD.P2H.02-07-25-15-03,LCC.AD.P2H.25-07-16.133,partner+state+amount,P2H,Central Darfur,15756.5,,,,15756.5,0
matched,LCC.AD.P2H.02-07-25-15,LCC.AD.P2H.02-07-25-15-04,LCC.AD.P2H.25-07-16.137,partner+state+amount,P2H,West Darfur,9355.5,,,,9355.5,0
matched,LCC.AD.P2H.02-07-25-15,LCC.AD.P2H.02-07-25-15-05,LCC.AD.P2H.25-07-16.140,partner+state+amount,P2H,East Darfur,22250,,,,22250,0
matched,LCC.AD.P2H.02-07-25-15,LCC.AD.P2H.02-07-25-15-06,LCC.AD.P2H.25-07-16.134,partner+state+amount,P2H,North Darfur,21909.5,,,,21909.5,0
matched,LCC.AD.P2H.02-07-25-15,LCC.AD.P2H.02-07-25-15-07,LCC.AD.P2H.25-07-16.144,partner+state+amount,P2H,Khartoum,22779.5,,,,22779.5,0
matched,LCC.AD.P2H.02-07-25-15,LCC.AD.P2H.02-07-25-15-08,LCC.AD.P2H.25-07-16.132,partner+state+amount,P2H,Sinar,15172,,,,15172,0
matched,LCC.AD.P2H.02-07-25-15,LCC.AD.P2H.02-07-25-15-09,LCC.AD.P2H.25-07-16.143,partner+state+amount,P2H,Al Jazirah,16329.5,,,,16329.5,0
matched,LCC.AD.P2H.02-07-25-15,LCC.AD.P2H.02-07-25-15-10,LCC.AD.P2H.25-07-16.142,partner+state+amount,P2H,North Kordofan,12910.5,,,,12910.5,0
matched,LCC.AD.P2H.02-07-25-15,LCC.AD.P2H.02-07-25-15-11,LCC.AD.P2H.25-07-16.138,partner+state+amount,P2H,South Kordofan,16018.5,,,,16018.5,0
matched,LCC.AD.P2H.02-07-25-15,LCC.AD.P2H.02-07-25-15-12,LCC.AD.P2H.25-07-16.139,partner+state+amount,P2H,River Nile,9679.5,,,,9679.5,0
matched,LCC.AD.P2H.02-07-25-15,LCC.AD.P2H.02-07-25-15-13,LCC.AD.P2H.25-07-16.141,partner+state+amount,P2H,Kassala,10974,,,,10974,0
matched,LCC.AD.P2H.02-07-25-16,LCC.AD.P2H.02-07-25-16-01,LCC.AD.P2H.25-07-30.150,partner+state+amount,P2H,LCC,5000,,,,5000,0
matched,LCC.AD.P2H.02-07-25-16,LCC.AD.P2H.02-07-25-16-02,LCC.AD.P2H.25-07-30.158,partner+state+amount,P2H,South Darfur,7747,,,,7747,0
matched,LCC.AD.P2H.02-07-25-16,LCC.AD.P2H.02-07-25-16-03,LCC.AD.P2H.25-07-30.151,partner+state+amount,P2H,Central Darfur,7503,,,,7503,0
matched,LCC.AD.P2H.02-07-25-16,LCC.AD.P2H.02-07-25-16-04,LCC.AD.P2H.25-07-30.149,partner+state+amount,P2H,West Darfur,6206,,,,6206,0
matched,LCC.AD.P2H.02-07-25-16,LCC.AD.P2H.02-07-25-16-05,LCC.AD.P2H.25-07-30.155,partner+state+amount,P2H,East Darfur,10740,,,,10740,0
matched,LCC.AD.P2H.02-07-25-16,LCC.AD.P2H.02-07-25-16-06,LCC.AD.P2H.25-07-30.156,partner+state+amount,P2H,North Darfur,10228,,,,10228,0
matched,LCC.AD.P2H.02-07-25-16,LCC.AD.P2H.02-07-25-16-07,LCC.AD.P2H.25-07-30.152,partner+state+amount,P2H,Khartoum,11084,,,,11084,0
matched,LCC.AD.P2H.02-07-25-16,LCC.AD.P2H.02-07-25-16-08,LCC.AD.P2H.25-07-30.146,partner+state+amount,P2H,Sinar,6738,,,,6738,0
matched,LCC.AD.P2H.02-07-25-16,LCC.AD.P2H.02-07-25-16-09,LCC.AD.P2H.25-07-30.148,partner+state+amount,P2H,North Kordofan,6377,,,,6377,0
matched,LCC.AD.P2H.02-07-25-16,LCC.AD.P2H.02-07-25-16-10,LCC.AD.P2H.25-07-30.157,partner+state+amount,P2H,West Kordofan,10176,,,,10176,0
matched,LCC.AD.P2H.02-07-25-16,LCC.AD.P2H.02-07-25-16-11,LCC.AD.P2H.25-07-30.154,partner+state+amount,P2H,South Kordofan,7591,,,,7591,0
matched,LCC.AD.P2H.02-07-25-16,LCC.AD.P2H.02-07-25-16-12,LCC.AD.P2H.25-07-30.153,partner+state+amount,P2H,River Nile,6228,,,,6228,0
matched,LCC.AD.P2H.02-07-25-16,LCC.AD.P2H.02-07-25-16-13,LCC.AD.P2H.25-07-30.147,partner+state+amount,P2H,Kassala,4382,,,,4382,0
matched,LCC.AD.P2H.02-07-25-16,LCC.AD.P2H.02-07-25-16-14,LCC.AD.P2H.25-07-30.159,partner+state+amount,P2H,North Darfur,60000,,,,60000,0
matched,LCC.AD.P2H.02-07-25-16,LCC.AD.P2H.02-07-25-16-15,LCC.AD.P2H.25-07-30.145,partner+state+amount,P2H,South Kordofan,40000,,,,40000,0
matched,LCC.AD.SV.13-08-25-17,LCC.AD.SV.13-08-25-17-01,LCC.AD.P2H.25-08-13.170,partner+date+state+amount,P2H,LCC,5000,,,,5000,0
matched,LCC.AD.SV.13-08-25-17,LCC.AD.SV.13-08-25-17-02,LCC.AD.P2H.25-08-13.171,partner+date+state+amount,P2H,Khartoum,19199,,,,19199,0
matched,LCC.AD.SV.13-08-25-17,LCC.AD.SV.13-08-25-17-03,LCC.AD.P2H.25-08-13.163,partner+date+state+amount,P2H,North Darfur,33593,,,,33593,0
matched,LCC.AD.SV.13-08-25-17,LCC.AD.SV.13-08-25-17-04,LCC.AD.P2H.25-08-13.172,partner+date+state+amount,P2H,South Darfur,7221,,,,7221,0
matched,LCC.AD.SV.13-08-25-17,LCC.AD.SV.13-08-25-17-05,LCC.AD.P2H.25-08-13.168,partner+date+state+amount,P2H,East Darfur,6597,,,,6597,0
matched,LCC.AD.SV.13-08-25-17,LCC.AD.SV.13-08-25-17-06,LCC.AD.P2H.25-08-13.167,partner+date+state+amount,P2H,Central Darfur,7363,,,,7363,0
matched,LCC.AD.SV.13-08-25-17,LCC.AD.SV.13-08-25-17-07,LCC.AD.P2H.25-08-13.164,partner+date+state+amount,P2H,West Darfur,5702,,,,5702,0
matched,LCC.AD.SV.13-08-25-17,LCC.AD.SV.13-08-25-17-08,LCC.AD.P2H.25-08-13.169,partner+date+state+amount,P2H,Kassala,6483,,,,6483,0
matched,LCC.AD.SV.13-08-25-17,LCC.AD.SV.13-08-25-17-09,LCC.AD.P2H.25-08-13.161,partner+date+state+amount,P2H,Al Jazirah,9268,,,,9268,0
matched,LCC.AD.SV.13-08-25-17,LCC.AD.SV.13-08-25-17-10,LCC.AD.P2H.25-08-13.165,partner+date+state+amount,P2H,Sinar,8577,,,,8577,0
matched,LCC.AD.SV.13-08-25-17,LCC.AD.SV.13-08-25-17-11,LCC.AD.P2H.25-08-13.162,partner+date+state+amount,P2H,North Kordofan,7931,,,,7931,0
matched,LCC.AD.SV.13-08-25-17,LCC.AD.SV.13-08-25-17-12,LCC.AD.P2H.25-08-13.160,partner+date+state+amount,P2H,River Nile,8066,,,,8066,0
matched,LCC.AD.SV.13-08-25-17,LCC.AD.SV.13-08-25-17-13,LCC.AD.P2H.25-08-13.166,partner+date+state+amount,P2H,South Kordofan,19400,,,,19400,0
matched,LCC.AD.P2H.13-08-25-18,LCC.AD.P2H.13-08-25-18-01,LCC.AD.P2H.25-08-20.182,partner+state+amount,P2H,Khartoum,25774.91,,,,25774.91,0
matched,LCC.AD.P2H.13-08-25-18,LCC.AD.P2H.13-08-25-18-02,LCC.AD.P2H.25-08-20.183,partner+state+amount,P2H,Central Darfur,10302.35,,,,10302.35,0
matched,LCC.AD.P2H.13-08-25-18,LCC.AD.P2H.13-08-25-18-03,LCC.AD.P2H.25-08-20.176,partner+state+amount,P2H,Kassala,9020.02,,,,9020.02,0
matched,LCC.AD.P2H.13-08-25-18,LCC.AD.P2H.13-08-25-18-04,LCC.AD.P2H.25-08-20.174,partner+state+amount,P2H,LCC,0.76,,,,0.76,0
matched,LCC.AD.P2H.13-08-25-18,LCC.AD.P2H.13-08-25-18-05,LCC.AD.P2H.25-08-20.180,partner+state+amount,P2H,North Darfur,12756.53,,,,12756.53,0
matched,LCC.AD.P2H.13-08-25-18,LCC.AD.P2H.13-08-25-18-06,LCC.AD.P2H.25-08-20.173,partner+state+amount,P2H,South Darfur,9109.68,,,,9109.68,0
matched,LCC.AD.P2H.13-08-25-18,LCC.AD.P2H.13-08-25-18-07,LCC.AD.P2H.25-08-20.185,partner+state+amount,P2H,East Darfur,10000.9,,,,10000.9,0
matched,LCC.AD.P2H.13-08-25-18,LCC.AD.P2H.13-08-25-18-08,LCC.AD.P2H.25-08-20.184,partner+state+amount,P2H,Al Jazirah,14243.06,,,,14243.06,0
matched,LCC.AD.P2H.13-08-25-18,LCC.AD.P2H.13-08-25-18-09,LCC.AD.P2H.25-08-20.186,partner+state+amount,P2H,Sinar,12438.19,,,,12438.19,0
matched,LCC.AD.P2H.13-08-25-18,LCC.AD.P2H.13-08-25-18-10,LCC.AD.P2H.25-08-20.181,partner+state+amount,P2H,North Kordofan,9800.96,,,,9800.96,0
matched,LCC.AD.P2H.13-08-25-18,LCC.AD.P2H.13-08-25-18-11,LCC.AD.P2H.25-08-20.177,partner+state+amount,P2H,River Nile,10724.64,,,,10724.64,0
matched,LCC.AD.P2H.13-08-25-18,LCC.AD.P2H.13-08-25-18-12,LCC.AD.P2H.25-08-20.179,partner+state+amount,P2H,LCC,5675.1,,,,5675.1,0
matched,LCC.AD.P2H.13-08-25-18,LCC.AD.P2H.13-08-25-18-13,LCC.AD.P2H.25-08-20.175,partner+state+amount,P2H,West Kordofan,13663.35,,,,13663.35,0
matched,LCC.AD.P2H.13-08-25-18,LCC.AD.P2H.13-08-25-18-14,LCC.AD.P2H.25-08-20.178,partner+state+amount,P2H,LCC,1587.63,,,,1587.63,0
matched,LCC.AD.P2H.13-08-25-19,LCC.AD.P2H.13-08-25-19-01,LCC.AD.P2H.25-09-03.191,partner+state+amount,P2H,South Darfur,17719,,,,17719,0
matched,LCC.AD.P2H.13-08-25-19,LCC.AD.P2H.13-08-25-19-02,LCC.AD.P2H.25-09-03.187,partner+state+amount,P2H,Central Darfur,17973,,,,17973,0
matched,LCC.AD.P2H.13-08-25-19,LCC.AD.P2H.13-08-25-19-03,LCC.AD.P2H.25-09-03.194,partner+state+amount,P2H,North Darfur,40000,,,,40000,0
matched,LCC.AD.P2H.13-08-25-19,LCC.AD.P2H.13-08-25-19-04,LCC.AD.P2H.25-09-03.193,partner+state+amount,P2H,Sinar,20825,,,,20825,0
matched,LCC.AD.P2H.13-08-25-19,LCC.AD.P2H.13-08-25-19-05,LCC.AD.P2H.25-09-03.192,partner+state+amount,P2H,North Kordofan,20000,,,,20000,0
matched,LCC.AD.P2H.13-08-25-19,LCC.AD.P2H.13-08-25-19-06,LCC.AD.P2H.25-09-03.190,partner+state+amount,P2H,West Kordofan,20000,,,,20000,0
matched,LCC.AD.P2H.13-08-25-19,LCC.AD.P2H.13-08-25-19-07,LCC.AD.P2H.25-09-03.195,partner+state+amount,P2H,South Kordofan,20000,,,,20000,0
matched,LCC.AD.P2H.13-08-25-19,LCC.AD.P2H.13-08-25-19-08,LCC.AD.P2H.25-09-03.188,partner+state+amount,P2H,Al Jazirah,24305,,,,24305,0
matched,LCC.AD.P2H.13-08-25-19,LCC.AD.P2H.13-08-25-19-09,LCC.AD.P2H.25-09-03.189,partner+state+amount,P2H,River Nile,19178,,,,19178,0
matched,LCC.AD.P2H.13-08-25-20,LCC.AD.P2H.13-08-25-20-01,LCC.AD.P2H.25-09-10.207,partner+state+amount,P2H,Khartoum,20572.08,,,,20572.08,0
matched,LCC.AD.P2H.13-08-25-20,LCC.AD.P2H.13-08-25-20-02,LCC.AD.P2H.25-09-10.205,partner+state+amount,P2H,East Darfur,11221.82,,,,11221.82,0
matched,LCC.AD.P2H.13-08-25-20,LCC.AD.P2H.13-08-25-20-03,LCC.AD.P2H.25-09-10.208,partner+state+amount,P2H,Central Darfur,13262.87,,,,13262.87,0
matched,LCC.AD.P2H.13-08-25-20,LCC.AD.P2H.13-08-25-20-04,LCC.AD.P2H.25-09-10.202,partner+state+amount,P2H,West Darfur,9263.75,,,,9263.75,0
matched,LCC.AD.P2H.13-08-25-20,LCC.AD.P2H.13-08-25-20-05,LCC.AD.P2H.25-09-10.199,partner+state+amount,P2H,Kassala,10674.83,,,,10674.83,0
matched,LCC.AD.P2H.13-08-25-20,LCC.AD.P2H.13-08-25-20-06,LCC.AD.P2H.25-09-10.198,partner+state+amount,P2H,Al Jazirah,13134.16,,,,13134.16,0
matched,LCC.AD.P2H.13-08-25-20,LCC.AD.P2H.13-08-25-20-07,LCC.AD.P2H.25-09-10.200,partner+state+amount,P2H,Sinar,11578.05,,,,11578.05,0
matched,LCC.AD.P2H.13-08-25-20,LCC.AD.P2H.13-08-25-20-08,LCC.AD.P2H.25-09-10.203,partner+state+amount,P2H,River Nile,11096.36,,,,11096.36,0
matched,LCC.AD.P2H.13-08-25-20,LCC.AD.P2H.13-08-25-20-09,LCC.AD.P2H.25-09-10.201,partner+state+amount,P2H,North Darfur,19141.91,,,,19141.91,0
matched,LCC.AD.P2H.13-08-25-20,LCC.AD.P2H.13-08-25-20-10,LCC.AD.P2H.25-09-10.204,partner+state+amount,P2H,South Darfur,37233.69,,,,37233.69,0
matched,LCC.AD.P2H.13-08-25-20,LCC.AD.P2H.13-08-25-20-11,LCC.AD.P2H.25-09-10.196,partner+state+amount,P2H,North Kordofan,15644.5,,,,15644.5,0
matched,LCC.AD.P2H.13-08-25-20,LCC.AD.P2H.13-08-25-20-12,LCC.AD.P2H.25-09-10.206,partner+state+amount,P2H,South Kordofan,17704.74,,,,17704.74,0
matched,LCC.AD.P2H.13-08-25-20,LCC.AD.P2H.13-08-25-20-13,LCC.AD.P2H.25-09-10.197,partner+state+amount,P2H,West Kordofan,19275.17,,,,19275.17,0
matched,LCC.AD.P2H.13-08-25-21,LCC.AD.P2H.13-08-25-21-01,LCC.AD.P2H.25-09-17.216,partner+state+amount,P2H,Khartoum,12363.84,,,,12363.84,0
matched,LCC.AD.P2H.13-08-25-21,LCC.AD.P2H.13-08-25-21-02,LCC.AD.P2H.25-09-17.220,partner+state+amount,P2H,North Darfur,7675.01,,,,7675.01,0
matched,LCC.AD.P2H.13-08-25-21,LCC.AD.P2H.13-08-25-21-03,LCC.AD.P2H.25-09-17.213,partner+state+amount,P2H,South Darfur,11814.49,,,,11814.49,0
matched,LCC.AD.P2H.13-08-25-21,LCC.AD.P2H.13-08-25-21-04,LCC.AD.P2H.25-09-17.212,partner+state+amount,P2H,East Darfur,6433.71,,,,6433.71,0
matched,LCC.AD.P2H.13-08-25-21,LCC.AD.P2H.13-08-25-21-05,LCC.AD.P2H.25-09-17.221,partner+state+amount,P2H,Central Darfur,7409.01,,,,7409.01,0
matched,LCC.AD.P2H.13-08-25-21,LCC.AD.P2H.13-08-25-21-06,LCC.AD.P2H.25-09-17.219,partner+state+amount,P2H,West Darfur,5542.46,,,,5542.46,0
matched,LCC.AD.P2H.13-08-25-21,LCC.AD.P2H.13-08-25-21-07,LCC.AD.P2H.25-09-17.210,partner+state+amount,P2H,Kassala,5598.02,,,,5598.02,0
matched,LCC.AD.P2H.13-08-25-21,LCC.AD.P2H.13-08-25-21-08,LCC.AD.P2H.25-09-17.228,partner+state+amount,P2H,Al Jazirah,8067.59,,,,8067.59,0
matched,LCC.AD.P2H.13-08-25-21,LCC.AD.P2H.13-08-25-21-09,LCC.AD.P2H.25-09-17.211,partner+state+amount,P2H,Sinar,7119.7,,,,7119.7,0
matched,LCC.AD.P2H.13-08-25-21,LCC.AD.P2H.13-08-25-21-10,LCC.AD.P2H.25-09-17.224,partner+state+amount,P2H,North Kordofan,6713.99,,,,6713.99,0
matched,LCC.AD.P2H.13-08-25-21,LCC.AD.P2H.13-08-25-21-11,LCC.AD.P2H.25-09-17.227,partner+state+amount,P2H,South Kordofan,7341.62,,,,7341.62,0
matched,LCC.AD.P2H.13-08-25-21,LCC.AD.P2H.13-08-25-21-12,LCC.AD.P2H.25-09-17.225,partner+state+amount,P2H,West Kordofan,7261.78,,,,7261.78,0
matched,LCC.AD.P2H.13-08-25-21,LCC.AD.P2H.13-08-25-21-13,LCC.AD.P2H.25-09-17.229,partner+state+amount,P2H,River Nile,6658.78,,,,6658.78,0
matched,LCC.AD.P2H.13-08-25-21,LCC.AD.P2H.13-08-25-21-14,LCC.AD.P2H.25-09-17.222,partner+state+amount,P2H,South Darfur,10000,,,,10000,0
matched,LCC.AD.P2H.13-08-25-21,LCC.AD.P2H.13-08-25-21-15,LCC.AD.P2H.25-09-17.218,partner+state+amount,P2H,North Darfur,12000,,,,12000,0
matched,LCC.AD.P2H.13-08-25-21,LCC.AD.P2H.13-08-25-21-16,LCC.AD.P2H.25-09-17.217,partner+state+amount,P2H,Sinar,10000,,,,10000,0
matched,LCC.AD.P2H.13-08-25-21,LCC.AD.P2H.13-08-25-21-17,LCC.AD.P2H.25-09-17.209,partner+state+amount,P2H,North Kordofan,8000,,,,8000,0
matched,LCC.AD.P2H.13-08-25-21,LCC.AD.P2H.13-08-25-21-18,LCC.AD.P2H.25-09-17.223,partner+state+amount,P2H,South Kordofan,10000,,,,10000,0
matched,LCC.AD.P2H.13-08-25-21,LCC.AD.P2H.13-08-25-21-19,LCC.AD.P2H.25-09-17.215,partner+state+amount,P2H,Khartoum,30000,,,,30000,0
matched,LCC.AD.P2H.13-08-25-21,LCC.AD.P2H.13-08-25-21-20,LCC.AD.P2H.25-09-17.226,partner+state+amount,P2H,East Darfur,8000,,,,8000,0
matched,LCC.AD.P2H.13-08-25-21,LCC.AD.P2H.13-08-25-21-21,LCC.AD.P2H.25-09-17.214,partner+state+amount,P2H,West Darfur,10000,,,,10000,0
matched,LCC.AD.P2H.13-08-25-22,LCC.AD.P2H.13-08-25-22-01,LCC.AD.P2H.25-09-24.238,partner+state+amount,P2H,South Darfur,33204.27,,,,33204.27,0
matched,LCC.AD.P2H.13-08-25-22,LCC.AD.P2H.13-08-25-22-02,LCC.AD.P2H.25-09-24.249,partner+state+amount,P2H,Central Darfur,21330.1,,,,21330.1,0
matched,LCC.AD.P2H.13-08-25-22,LCC.AD.P2H.13-08-25-22-03,LCC.AD.P2H.25-09-24.244,partner+state+amount,P2H,West Darfur,14223.72,,,,14223.72,0
matched,LCC.AD.P2H.13-08-25-22,LCC.AD.P2H.13-08-25-22-04,LCC.AD.P2H.25-09-24.239,partner+state+amount,P2H,East Darfur,18718.43,,,,18718.43,0
matched,LCC.AD.P2H.13-08-25-22,LCC.AD.P2H.13-08-25-22-05,LCC.AD.P2H.25-09-24.234,partner+state+amount,P2H,North Darfur,40000,,,,40000,0
matched,LCC.AD.P2H.13-08-25-22,LCC.AD.P2H.13-08-25-22-06,LCC.AD.P2H.25-09-24.241,partner+state+amount,P2H,North Kordofan,20000,,,,20000,0
matched,LCC.AD.P2H.13-08-25-22,LCC.AD.P2H.13-08-25-22-07,LCC.AD.P2H.25-09-24.242,partner+state+amount,P2H,West Kordofan,20000,,,,20000,0
matched,LCC.AD.P2H.13-08-25-22,LCC.AD.P2H.13-08-25-22-08,LCC.AD.P2H.25-09-24.236,partner+state+amount,P2H,South Kordofan,20000,,,,20000,0
matched,LCC.AD.P2H.13-08-25-22,LCC.AD.P2H.13-08-25-22-09,LCC.AD.P2H.25-09-24.246,partner+state+amount,P2H,Khartoum,36463.04,,,,36463.04,0
matched,LCC.AD.P2H.13-08-25-22,LCC.AD.P2H.13-08-25-22-10,LCC.AD.P2H.25-09-24.230,partner+state+amount,P2H,Sinar,19981.63,,,,19981.63,0
matched,LCC.AD.P2H.13-08-25-22,LCC.AD.P2H.13-08-25-22-11,LCC.AD.P2H.25-09-24.235,partner+state+amount,P2H,Al Jazirah,25173.68,,,,25173.68,0
matched,LCC.AD.P2H.13-08-25-22,LCC.AD.P2H.13-08-25-22-12,LCC.AD.P2H.25-09-24.243,partner+state+amount,P2H,River Nile,15344.51,,,,15344.51,0
matched,LCC.AD.P2H.13-08-25-22,LCC.AD.P2H.13-08-25-22-13,LCC.AD.P2H.25-09-24.231,partner+state+amount,P2H,Kassala,15560.62,,,,15560.62,0
matched,LCC.AD.P2H.13-08-25-22,LCC.AD.P2H.13-08-25-23-14,LCC.AD.P2H.25-09-24.232,partner+state+amount,P2H,Central Darfur,10000,,,,10000,0
matched,LCC.AD.P2H.13-08-25-22,LCC.AD.P2H.13-08-25-22-15,LCC.AD.P2H.25-09-24.237,partner+state+amount,P2H,North Kordofan,10000,,,,10000,0
matched,LCC.AD.P2H.13-08-25-22,LCC.AD.P2H.13-08-25-22-16,LCC.AD.P2H.25-09-24.245,partner+state+amount,P2H,South Kordofan,16000,,,,16000,0
matched,LCC.AD.P2H.13-08-25-22,LCC.AD.P2H.13-08-25-22-17,LCC.AD.P2H.25-09-24.251,partner+state+amount,P2H,West Kordofan,8000,,,,8000,0
matched,LCC.AD.P2H.13-08-25-22,LCC.AD.P2H.13-08-25-22-18,LCC.AD.P2H.25-09-24.248,partner+state+amount,P2H,Khartoum,18000,,,,18000,0
matched,LCC.AD.P2H.13-08-25-22,LCC.AD.P2H.13-08-25-22-19,LCC.AD.P2H.25-09-24.233,partner+state+amount,P2H,East Darfur,15000,,,,15000,0
matched,LCC.AD.P2H.13-08-25-22,LCC.AD.P2H.13-08-25-22-20,LCC.AD.P2H.25-09-24.247,partner+state+amount,P2H,Blue Nile,8000,,,,8000,0
matched,LCC.AD.P2H.13-08-25-22,LCC.AD.P2H.13-08-25-22-21,LCC.AD.P2H.25-09-24.240,partner+state+amount,P2H,Northern,5000,,,,5000,0
matched,LCC.AD.P2H.13-08-25-22,LCC.AD.P2H.13-08-25-22-22,LCC.AD.P2H.25-09-24.250,partner+state+amount,P2H,River Nile,10000,,,,10000,0
matched,LCC.AD.P2H.13-08-25-23,LCC.AD.P2H.13-08-25-23-01,LCC.AD.P2H.25-10-08.268,partner+state+amount,P2H,North Darfur,51969.77,,,,51969.77,0
matched,LCC.AD.P2H.13-08-25-23,LCC.AD.P2H.13-08-25-23-02,LCC.AD.P2H.25-10-08.269,partner+state+amount,P2H,North Kordofan,48030.23,,,,48030.23,0
matched,LCC.AD.P2H.13-08-25-23,LCC.AD.P2H.13-08-25-23-03,LCC.AD.P2H.25-10-08.267,partner+state+amount,P2H,South Darfur,21258.27,,,,21258.27,0
matched,LCC.AD.P2H.13-08-25-23,LCC.AD.P2H.13-08-25-23-04,LCC.AD.P2H.25-10-08.275,partner+state+amount,P2H,East Darfur,12842.16,,,,12842.16,0
matched,LCC.AD.P2H.13-08-25-23,LCC.AD.P2H.13-08-25-23-05,LCC.AD.P2H.25-10-08.274,partner+state+amount,P2H,Central Darfur,12317.56,,,,12317.56,0
matched,LCC.AD.P2H.13-08-25-23,LCC.AD.P2H.13-08-25-23-06,LCC.AD.P2H.25-10-08.272,partner+state+amount,P2H,West Darfur,10287.94,,,,10287.94,0
matched,LCC.AD.P2H.13-08-25-23,LCC.AD.P2H.13-08-25-23-07,LCC.AD.P2H.25-10-08.270,partner+state+amount,P2H,Al Jazirah,17270.92,,,,17270.92,0
matched,LCC.AD.P2H.13-08-25-23,LCC.AD.P2H.13-08-25-23-08,LCC.AD.P2H.25-10-08.273,partner+state+amount,P2H,Sinar,13046.98,,,,13046.98,0
matched,LCC.AD.P2H.13-08-25-23,LCC.AD.P2H.13-08-25-23-09,LCC.AD.P2H.25-10-08.271,partner+state+amount,P2H,River Nile,12976.17,,,,12976.17,0
matched,LCC.AD.P2H.13-08-25-24,LCC.AD.P2H.13-08-25-24-01,LCC.AD.P2H.25-10-03.258,partner+state+amount,P2H,North Darfur,28107.5,,,,28107.5,0
matched,LCC.AD.P2H.13-08-25-24,LCC.AD.P2H.13-08-25-24-02,LCC.AD.P2H.25-10-03.265,partner+state+amount,P2H,North Kordofan,19870.95,,,,19870.95,0
matched,LCC.AD.P2H.13-08-25-24,LCC.AD.P2H.13-08-25-24-03,LCC.AD.P2H.25-10-03.266,partner+state+amount,P2H,South Kordofan,24924.27,,,,24924.27,0
matched,LCC.AD.P2H.13-08-25-24,LCC.AD.P2H.13-08-25-24-04,LCC.AD.P2H.25-10-03.264,partner+state+amount,P2H,West Kordofan,27097.29,,,,27097.29,0
matched,LCC.AD.P2H.13-08-25-24,LCC.AD.P2H.13-08-25-24-05,LCC.AD.P2H.25-10-03.262,partner+state+amount,P2H,Khartoum,22784.05,,,,22784.05,0
matched,LCC.AD.P2H.13-08-25-24,LCC.AD.P2H.13-08-25-24-06,LCC.AD.P2H.25-10-03.259,partner+state+amount,P2H,East Darfur,11307.38,,,,11307.38,0
matched,LCC.AD.P2H.13-08-25-24,LCC.AD.P2H.13-08-25-24-07,LCC.AD.P2H.25-10-03.257,partner+state+amount,P2H,Central Darfur,10845.48,,,,10845.48,0
matched,LCC.AD.P2H.13-08-25-24,LCC.AD.P2H.13-08-25-24-08,LCC.AD.P2H.25-10-03.261,partner+state+amount,P2H,West Darfur,9349.78,,,,9349.78,0
matched,LCC.AD.P2H.13-08-25-24,LCC.AD.P2H.13-08-25-24-09,LCC.AD.P2H.25-10-03.263,partner+state+amount,P2H,Al Jazirah,15206.85,,,,15206.85,0
matched,LCC.AD.P2H.13-08-25-24,LCC.AD.P2H.13-08-25-24-10,LCC.AD.P2H.25-10-03.255,partner+state+amount,P2H,Sinar,12361.81,,,,12361.81,0
matched,LCC.AD.P2H.13-08-25-24,LCC.AD.P2H.13-08-25-24-11,LCC.AD.P2H.25-10-03.260,partner+state+amount,P2H,River Nile,10085.1,,,,10085.1,0
matched,LCC.AD.P2H.13-08-25-24,LCC.AD.P2H.13-08-25-24-12,LCC.AD.P2H.25-10-03.256,partner+state+amount,P2H,Kassala,8059.54,,,,8059.54,0
matched,LCC.AD.P2H.13-08-25-24,LCC.AD.P2H.13-08-25-24-13,LCC.AD.P2H.25-09-26.253,partner+state+amount,P2H,Central Darfur,6000,,,,6000,0
matched,LCC.AD.P2H.13-08-25-24,LCC.AD.P2H.13-08-25-24-14,LCC.AD.P2H.25-09-26.254,partner+state+amount,P2H,Khartoum,36000,,,,36000,0
matched,LCC.AD.P2H.13-08-25-24,LCC.AD.P2H.13-08-25-24-15,LCC.AD.P2H.25-09-26.252,partner+state+amount,P2H,East Darfur,5000,,,,5000,0
matched,LCC.AD.P2H.22-10-25-25,LCC.AD.P2H.22-10-25-25-01,LCC.AD.P2H.25-10-22.287,partner+date+state+amount,P2H,North Darfur,59534.31,,,,59534.31,0
matched,LCC.AD.P2H.22-10-25-25,LCC.AD.P2H.22-10-25-25-02,LCC.AD.P2H.25-10-22.288,partner+date+state+amount,P2H,North Kordofan,31461.87,,,,31461.87,0
matched,LCC.AD.P2H.22-10-25-25,LCC.AD.P2H.22-10-25-25-03,LCC.AD.P2H.25-10-22.289,partner+date+state+amount,P2H,South Kordofan,46011.28,,,,46011.28,0
matched,LCC.AD.P2H.22-10-25-25,LCC.AD.P2H.22-10-25-25-04,LCC.AD.P2H.25-10-22.290,partner+date+state+amount,P2H,West Kordofan,37992.54,,,,37992.54,0
matched,LCC.AD.P2H.22-10-25-25,LCC.AD.P2H.22-10-25-25-05,LCC.AD.P2H.25-10-22.278,partner+date+state+amount,P2H,Khartoum,36907.5,,,,36907.49,0.01
matched,LCC.AD.P2H.22-10-25-25,LCC.AD.P2H.22-10-25-25-06,LCC.AD.P2H.25-10-22.279,partner+date+state+amount,P2H,South Darfur,35687.22,,,,35687.22,0
matched,LCC.AD.P2H.22-10-25-25,LCC.AD.P2H.22-10-25-25-07,LCC.AD.P2H.25-10-22.280,partner+date+state+amount,P2H,East Darfur,24875.37,,,,24875.37,0
matched,LCC.AD.P2H.22-10-25-25,LCC.AD.P2H.22-10-25-25-08,LCC.AD.P2H.25-10-22.281,partner+date+state+amount,P2H,Central Darfur,21454.93,,,,21454.93,0
matched,LCC.AD.P2H.22-10-25-25,LCC.AD.P2H.22-10-25-25-09,LCC.AD.P2H.25-10-22.282,partner+date+state+amount,P2H,West Darfur,20492,,,,20492,0
matched,LCC.AD.P2H.22-10-25-25,LCC.AD.P2H.22-10-25-25-10,LCC.AD.P2H.25-10-22.283,partner+date+state+amount,P2H,Kassala,16719.86,,,,16719.86,0
matched,LCC.AD.P2H.22-10-25-25,LCC.AD.P2H.22-10-25-25-11,LCC.AD.P2H.25-10-22.284,partner+date+state+amount,P2H,Al Jazirah,26993.82,,,,26993.82,0
matched,LCC.AD.P2H.22-10-25-25,LCC.AD.P2H.22-10-25-25-12,LCC.AD.P2H.25-10-22.285,partner+date+state+amount,P2H,Sinar,21327.91,,,,21327.91,0
matched,LCC.AD.P2H.22-10-25-25,LCC.AD.P2H.22-10-25-25-13,LCC.AD.P2H.25-10-22.286,partner+date+state+amount,P2H,River Nile,20541.39,,,,20541.39,0
matched,LCC.AD.P2H.05-11-25-26,LCC.AD.P2H.05-11-25-26-01,LCC.AD.P2H.25-11-05.315,partner+date+state+amount,P2H,North Kordofan,170000,,,,170000,0
matched,LCC.AD.P2H.05-11-25-26,LCC.AD.P2H.05-11-25-26-02,LCC.AD.P2H.25-11-05.304,partner+date+state+amount,P2H,Khartoum,54740.98,,,,54740.98,0
matched,LCC.AD.P2H.05-11-25-26,LCC.AD.P2H.05-11-25-26-03,LCC.AD.P2H.25-11-05.305,partner+date+state+amount,P2H,South Darfur,47693.22,,,,47693.22,0
matched,LCC.AD.P2H.05-11-25-26,LCC.AD.P2H.05-11-25-26-04,LCC.AD.P2H.25-11-05.306,partner+date+state+amount,P2H,East Darfur,44285.59,,,,44285.59,0
matched,LCC.AD.P2H.05-11-25-26,LCC.AD.P2H.05-11-25-26-05,LCC.AD.P2H.25-11-05.307,partner+date+state+amount,P2H,West Darfur,30986.66,,,,30986.66,0
matched,LCC.AD.P2H.05-11-25-26,LCC.AD.P2H.05-11-25-26-06,LCC.AD.P2H.25-11-05.308,partner+date+state+amount,P2H,Kassala,27858.78,,,,27858.78,0
matched,LCC.AD.P2H.05-11-25-26,LCC.AD.P2H.05-11-25-26-07,LCC.AD.P2H.25-11-05.309,partner+date+state+amount,P2H,Al Jazirah,45646.6,,,,45646.6,0
matched,LCC.AD.P2H.05-11-25-26,LCC.AD.P2H.05-11-25-26-08,LCC.AD.P2H.25-11-05.310,partner+date+state+amount,P2H,Sinar,35530.65,,,,35530.65,0
matched,LCC.AD.P2H.05-11-25-26,LCC.AD.P2H.05-11-25-26-09,LCC.AD.P2H.25-11-05.311,partner+date+state+amount,P2H,West Kordofan,36215.83,,,,36215.83,0
matched,LCC.AD.P2H.05-11-25-26,LCC.AD.P2H.05-11-25-26-10,LCC.AD.P2H.25-11-05.312,partner+date+state+amount,P2H,River Nile,37041.69,,,,37041.69,0
matched,LCC.AD.P2H.05-11-25-26,LCC.AD.P2H.05-11-25-26-11,LCC.AD.P2H.25-11-05.316,partner+date+state+amount,P2H,South Kordofan,70000,,,,70000,0
matched,LCC.AD.P2H.05-11-25-26,LCC.AD.P2H.05-11-25-26-12,LCC.AD.P2H.25-11-05.314,partner+date+state+amount,P2H,Northern,20000,,,,20000,0
matched,LCC.AD.P2H.05-11-25-26,LCC.AD.P2H.05-11-25-26-13,LCC.AD.P2H.25-11-05.313,partner+date+state+amount,P2H,Central Darfur,80000,,,,80000,0
matched,LCC.AD.P2H.19-11-25-27,LCC.AD.P2H.19-11-25-27-01,LCC.AD.P2H.25-11-19.321,partner+date+state+amount,P2H,East Darfur,39538.31,,,,39538.31,0
matched,LCC.AD.P2H.19-11-25-27,LCC.AD.P2H.19-11-25-27-02,LCC.AD.P2H.25-11-19.322,partner+date+state+amount,P2H,Central Darfur,37064.53,,,,37064.53,0
matched,LCC.AD.P2H.19-11-25-27,LCC.AD.P2H.19-11-25-27-03,LCC.AD.P2H.25-11-19.323,partner+date+state+amount,P2H,West Darfur,31359.93,,,,31359.93,0
matched,LCC.AD.P2H.19-11-25-27,LCC.AD.P2H.19-11-25-27-04,LCC.AD.P2H.25-11-19.324,partner+date+state+amount,P2H,Kassala,22229.61,,,,22229.61,0
matched,LCC.AD.P2H.19-11-25-27,LCC.AD.P2H.19-11-25-27-05,LCC.AD.P2H.25-11-19.325,partner+date+state+amount,P2H,Al Jazirah,40048.6,,,,40048.6,0
matched,LCC.AD.P2H.19-11-25-27,LCC.AD.P2H.19-11-25-27-06,LCC.AD.P2H.25-11-19.326,partner+date+state+amount,P2H,Sinar,29586.36,,,,29586.36,0
matched,LCC.AD.P2H.19-11-25-27,LCC.AD.P2H.19-11-25-27-07,LCC.AD.P2H.25-11-19.327,partner+date+state+amount,P2H,River Nile,28172.64,,,,28172.64,0
matched,LCC.AD.P2H.19-11-25-27,LCC.AD.P2H.19-11-25-27-08,LCC.AD.P2H.25-11-19.317,partner+date+state+amount,P2H,North Darfur,40089.55,,,,40089.53,0.02
matched,LCC.AD.P2H.19-11-25-27,LCC.AD.P2H.19-11-25-27-09,LCC.AD.P2H.25-11-19.318,partner+date+state+amount,P2H,North Kordofan,36919.29,,,,36919.29,0
matched,LCC.AD.P2H.19-11-25-27,LCC.AD.P2H.19-11-25-27-10,LCC.AD.P2H.25-11-19.319,partner+date+state+amount,P2H,South Kordofan,42727.62,,,,42727.62,0
matched,LCC.AD.P2H.19-11-25-27,LCC.AD.P2H.19-11-25-27-11,LCC.AD.P2H.25-11-19.320,partner+date+state+amount,P2H,West Kordofan,48263.56,,,,48263.56,0
matched,LCC.AD.P2H.03-12-25-28,LCC.AD.P2H.03-12-25-28-01,LCC.AD.P2H.25-12-03.328,partner+date+state+amount,P2H,Khartoum,52612.82,,,,52612.82,0
matched,LCC.AD.P2H.03-12-25-28,LCC.AD.P2H.03-12-25-28-02,LCC.AD.P2H.25-12-03.329,partner+date+state+amount,P2H,North Darfur,40603.17,,,,40603.17,0
matched,LCC.AD.P2H.03-12-25-28,LCC.AD.P2H.03-12-25-28-03,LCC.AD.P2H.25-12-03.330,partner+date+state+amount,P2H,South Darfur,50522.19,,,,50522.19,0
matched,LCC.AD.P2H.03-12-25-28,LCC.AD.P2H.03-12-25-28-04,LCC.AD.P2H.25-12-03.331,partner+date+state+amount,P2H,East Darfur,32607.44,,,,32607.44,0
matched,LCC.AD.P2H.03-12-25-28,LCC.AD.P2H.03-12-25-28-05,LCC.AD.P2H.25-12-03.332,partner+date+state+amount,P2H,Central Darfur,34911.01,,,,34911.01,0
matched,LCC.AD.P2H.03-12-25-28,LCC.AD.P2H.03-12-25-28-06,LCC.AD.P2H.25-12-03.333,partner+date+state+amount,P2H,West Darfur,25819.28,,,,25819.28,0
matched,LCC.AD.P2H.03-12-25-28,LCC.AD.P2H.03-12-25-28-07,LCC.AD.P2H.25-12-03.334,partner+date+state+amount,P2H,Kassala,29790.86,,,,29790.86,0
matched,LCC.AD.P2H.03-12-25-28,LCC.AD.P2H.03-12-25-28-08,LCC.AD.P2H.25-12-03.335,partner+date+state+amount,P2H,Al Jazirah,39117.53,,,,39117.53,0
matched,LCC.AD.P2H.03-12-25-28,LCC.AD.P2H.03-12-25-28-09,LCC.AD.P2H.25-12-03.336,partner+date+state+amount,P2H,Sinar,30393.69,,,,30393.69,0
matched,LCC.AD.P2H.03-12-25-28,LCC.AD.P2H.03-12-25-28-10,LCC.AD.P2H.25-12-03.337,partner+date+state+amount,P2H,North Kordofan,41613.84,,,,41613.84,0
matched,LCC.AD.P2H.03-12-25-28,LCC.AD.P2H.03-12-25-28-11,LCC.AD.P2H.25-12-03.338,partner+date+state+amount,P2H,South Kordofan,44786.74,,,,44786.74,0
matched,LCC.AD.P2H.03-12-25-28,LCC.AD.P2H.03-12-25-28-12,LCC.AD.P2H.25-12-03.339,partner+date+state+amount,P2H,West Kordofan,50589.79,,,,50589.79,0
matched,LCC.AD.P2H.03-12-25-28,LCC.AD.P2H.03-12-25-28-13,LCC.AD.P2H.25-12-03.340,partner+date+state+amount,P2H,River Nile,26631.64,,,,26631.64,0
matched,LCC.AD.P2H.17-12-25-29,LCC.AD.P2H.17-12-25-29-01,LCC.AD.P2H.25-12-17.341,partner+date+state+amount,P2H,South Darfur,48876.93,,,,48876.93,0
matched,LCC.AD.P2H.17-12-25-29,LCC.AD.P2H.17-12-25-29-02,LCC.AD.P2H.25-12-17.342,partner+date+state+amount,P2H,Central Darfur,56342.59,,,,56342.59,0
matched,LCC.AD.P2H.17-12-25-29,LCC.AD.P2H.17-12-25-29-03,LCC.AD.P2H.25-12-17.343,partner+date+state+amount,P2H,West Darfur,40237.03,,,,40237.03,0
matched,LCC.AD.P2H.17-12-25-29,LCC.AD.P2H.17-12-25-29-04,LCC.AD.P2H.25-12-17.344,partner+date+state+amount,P2H,North Kordofan,64426.29,,,,64426.31,-0.02
matched,LCC.AD.P2H.17-12-25-29,LCC.AD.P2H.17-12-25-29-05,LCC.AD.P2H.25-12-17.345,partner+date+state+amount,P2H,South Kordofan,67485.73,,,,67485.73,0
matched,LCC.AD.P2H.17-12-25-29,LCC.AD.P2H.17-12-25-29-06,LCC.AD.P2H.25-12-17.346,partner+date+state+amount,P2H,West Kordofan,62631.43,,,,62631.43,0
matched,LCC.AD.P2H.17-12-25-29,LCC.AD.P2H.17-12-25-29-07,LCC.AD.P2H.25-12-17.347,partner+date+state+amount,P2H,Khartoum,40682.03,,,,40682.03,0
matched,LCC.AD.P2H.17-12-25-29,LCC.AD.P2H.17-12-25-29-08,LCC.AD.P2H.25-12-17.348,partner+date+state+amount,P2H,North Darfur,23400.12,,,,23400.12,0
matched,LCC.AD.P2H.17-12-25-29,LCC.AD.P2H.17-12-25-29-09,LCC.AD.P2H.25-12-17.349,partner+date+state+amount,P2H,East Darfur,18678.39,,,,18678.39,0
matched,LCC.AD.P2H.17-12-25-29,LCC.AD.P2H.17-12-25-29-10,LCC.AD.P2H.25-12-17.592,partner+date+state+amount,P2H,Kassala,15912.71,,,,15912.71,0
matched,LCC.AD.P2H.17-12-25-29,LCC.AD.P2H.17-12-25-29-11,LCC.AD.P2H.25-12-17.350,partner+date+state+amount,P2H,Al Jazirah,24690.05,,,,24690.05,0
matched,LCC.AD.P2H.17-12-25-29,LCC.AD.P2H.17-12-25-29-12,LCC.AD.P2H.25-12-17.351,partner+date+state+amount,P2H,Sinar,18452.43,,,,18452.43,0
matched,LCC.AD.P2H.17-12-25-29,LCC.AD.P2H.17-12-25-29-13,LCC.AD.P2H.25-12-17.353,partner+date+state+amount,P2H,River Nile,18184.27,,,,18184.27,0
matched,LCC.AD.P2H.31-12-25-30,LCC.AD.P2H.31-12-25-30-02,LCC.AD.P2H.25-12-31.354,partner+date+state+amount,P2H,Khartoum,57612.39,,,,57612.39,0
matched,LCC.AD.P2H.31-12-25-30,LCC.AD.P2H.31-12-25-30-03,LCC.AD.P2H.25-12-31.355,partner+date+state+amount,P2H,North Darfur,59439.67,,,,59439.67,0
matched,LCC.AD.P2H.31-12-25-30,LCC.AD.P2H.31-12-25-30-04,LCC.AD.P2H.25-12-31.356,partner+date+state+amount,P2H,South Darfur,39520.64,,,,39520.64,0
matched,LCC.AD.P2H.31-12-25-30,LCC.AD.P2H.31-12-25-30-05,LCC.AD.P2H.25-12-31.357,partner+date+state+amount,P2H,East Darfur,32613.52,,,,32613.52,0
matched,LCC.AD.P2H.31-12-25-30,LCC.AD.P2H.31-12-25-30-06,LCC.AD.P2H.25-12-31.359,partner+date+state+amount,P2H,West Darfur,31098.92,,,,31098.92,0
matched,LCC.AD.P2H.31-12-25-30,LCC.AD.P2H.31-12-25-30-07,LCC.AD.P2H.25-12-31.360,partner+date+state+amount,P2H,Kassala,30871.54,,,,30871.54,0
matched,LCC.AD.P2H.31-12-25-30,LCC.AD.P2H.31-12-25-30-08,LCC.AD.P2H.25-12-31.361,partner+date+state+amount,P2H,Al Jazirah,36475.66,,,,36475.66,0
matched,LCC.AD.P2H.31-12-25-30,LCC.AD.P2H.31-12-25-30-09,LCC.AD.P2H.25-12-31.362,partner+date+state+amount,P2H,Sinar,29678.56,,,,29678.56,0
matched,LCC.AD.P2H.31-12-25-30,LCC.AD.P2H.31-12-25-30-10,LCC.AD.P2H.25-12-31.363,partner+date+state+amount,P2H,North Kordofan,40853.95,,,,40853.95,0
matched,LCC.AD.P2H.31-12-25-30,LCC.AD.P2H.31-12-25-30-11,LCC.AD.P2H.25-12-31.364,partner+date+state+amount,P2H,South Kordofan,46054.34,,,,46054.34,0
matched,LCC.AD.P2H.31-12-25-30,LCC.AD.P2H.31-12-25-30-12,LCC.AD.P2H.25-12-31.365,partner+date+state+amount,P2H,River Nile,27112.23,,,,27112.23,0
matched,LCC.AD.P2H.14-01-26-31,LCC.AD.P2H.14-01-25-31-01,LCC.AD.P2H.26-01-14.367,partner+date+state+amount,P2H,Khartoum,70825.86,,,,70825.86,0
matched,LCC.AD.P2H.14-01-26-31,LCC.AD.P2H.14-01-25-31-02,LCC.AD.P2H.26-01-14.368,partner+date+state+amount,P2H,North Darfur,70500.32,,,,70500.32,0
matched,LCC.AD.P2H.14-01-26-31,LCC.AD.P2H.14-01-25-31-03,LCC.AD.P2H.26-01-14.369,partner+date+state+amount,P2H,East Darfur,36014.24,,,,36014.24,0
matched,LCC.AD.P2H.14-01-26-31,LCC.AD.P2H.14-01-25-31-04,LCC.AD.P2H.26-01-14.370,partner+date+state+amount,P2H,Central Darfur,41896.7,,,,41896.7,0
matched,LCC.AD.P2H.14-01-26-31,LCC.AD.P2H.14-01-25-31-05,LCC.AD.P2H.26-01-14.371,partner+date+state+amount,P2H,West Darfur,32516.91,,,,32516.91,0
matched,LCC.AD.P2H.14-01-26-31,LCC.AD.P2H.14-01-25-31-06,LCC.AD.P2H.26-01-14.372,partner+date+state+amount,P2H,Kassala,30806.57,,,,30806.57,0
matched,LCC.AD.P2H.14-01-26-31,LCC.AD.P2H.14-01-25-31-07,LCC.AD.P2H.26-01-14.373,partner+date+state+amount,P2H,Al Jazirah,42110.71,,,,42110.71,0
matched,LCC.AD.P2H.14-01-26-31,LCC.AD.P2H.14-01-25-31-08,LCC.AD.P2H.26-01-14.374,partner+date+state+amount,P2H,Sinar,36202.48,,,,36202.48,0
matched,LCC.AD.P2H.14-01-26-31,LCC.AD.P2H.14-01-25-31-09,LCC.AD.P2H.26-01-14.375,partner+date+state+amount,P2H,North Kordofan,48680.74,,,,48680.74,0
matched,LCC.AD.P2H.14-01-26-31,LCC.AD.P2H.14-01-25-31-10,LCC.AD.P2H.26-01-14.376,partner+date+state+amount,P2H,South Kordofan,57228.22,,,,57228.22,0
matched,LCC.AD.P2H.14-01-26-31,LCC.AD.P2H.14-01-25-31-11,LCC.AD.P2H.26-01-14.377,partner+date+state+amount,P2H,River Nile,33217.25,,,,33217.25,0
matched,LCC.AD.P2H.14-01-26-31,LCC.AD.P2H.14-01-25-31-12,LCC.AD.P2H.26-01-14.378,partner+date+state+amount,P2H,West Kordofan,10000,,,,10000,0
matched,LCC.AD.P2H.28-01-26-32,LCC.AD.P2H.28-01-26-32-01,LCC.AD.P2H.26-01-28.379,partner+date+state+amount,P2H,Central Darfur,45603.44,,,,45603.44,0
matched,LCC.AD.P2H.28-01-26-32,LCC.AD.P2H.28-01-26-32-02,LCC.AD.P2H.26-01-28.380,partner+date+state+amount,P2H,Khartoum,69989.79,,,,69989.79,0
matched,LCC.AD.P2H.28-01-26-32,LCC.AD.P2H.28-01-26-32-03,LCC.AD.P2H.26-01-28.381,partner+date+state+amount,P2H,North Darfur,56398.46,,,,56398.46,0
matched,LCC.AD.P2H.28-01-26-32,LCC.AD.P2H.28-01-26-32-04,LCC.AD.P2H.26-01-28.382,partner+date+state+amount,P2H,East Darfur,35594.84,,,,35594.84,0
matched,LCC.AD.P2H.28-01-26-32,LCC.AD.P2H.28-01-26-32-05,LCC.AD.P2H.26-01-28.383,partner+date+state+amount,P2H,West Darfur,33427.14,,,,33427.14,0
matched,LCC.AD.P2H.28-01-26-32,LCC.AD.P2H.28-01-26-32-06,LCC.AD.P2H.26-01-28.384,partner+date+state+amount,P2H,Kassala,35054.04,,,,35054.04,0
matched,LCC.AD.P2H.28-01-26-32,LCC.AD.P2H.28-01-26-32-07,LCC.AD.P2H.26-01-28.385,partner+date+state+amount,P2H,Al Jazirah,43574.93,,,,43574.93,0
matched,LCC.AD.P2H.28-01-26-32,LCC.AD.P2H.28-01-26-32-08,LCC.AD.P2H.26-01-28.386,partner+date+state+amount,P2H,Sinar,34426.93,,,,34426.93,0
matched,LCC.AD.P2H.28-01-26-32,LCC.AD.P2H.28-01-26-32-09,LCC.AD.P2H.26-01-28.387,partner+date+state+amount,P2H,South Kordofan,57303.72,,,,57303.72,0
matched,LCC.AD.P2H.28-01-26-32,LCC.AD.P2H.28-01-26-32-10,LCC.AD.P2H.26-01-28.388,partner+date+state+amount,P2H,River Nile,37735.82,,,,37735.82,0
matched,LCC.AD.P2H.28-01-26-32,LCC.AD.P2H.28-01-26-32-11,LCC.AD.P2H.26-01-28.389,partner+date+state+amount,P2H,West Kordofan,50890.89,,,,50890.89,0
matched,LCC.AD.P2H.14-02-26-33,LCC.AD.P2H.14-02-26-33-01,LCC.AD.P2H.26-02-14.399,partner+date+state+amount,P2H,Khartoum,127125.84,,,,127125.84,0
matched,LCC.AD.P2H.14-02-26-33,LCC.AD.P2H.14-02-26-33-02,LCC.AD.P2H.26-02-14.400,partner+date+state+amount,P2H,North Darfur,99812.11,,,,99812.11,0
matched,LCC.AD.P2H.14-02-26-33,LCC.AD.P2H.14-02-26-33-03,LCC.AD.P2H.26-02-14.419,partner+date+state+amount,P2H,South Darfur,79722,,,,79722,0
matched,LCC.AD.P2H.14-02-26-33,LCC.AD.P2H.14-02-26-33-04,LCC.AD.P2H.26-02-14.416,partner+date+state+amount,P2H,East Darfur,69857.37,,,,69857.37,0
matched,LCC.AD.P2H.14-02-26-33,LCC.AD.P2H.14-02-26-33-05,LCC.AD.P2H.26-02-14.421,partner+date+state+amount,P2H,Central Darfur,82474.64,,,,82474.64,0
matched,LCC.AD.P2H.14-02-26-33,LCC.AD.P2H.14-02-26-33-06,LCC.AD.P2H.26-02-14.417,partner+date+state+amount,P2H,West Darfur,61257.13,,,,61257.13,0
matched,LCC.AD.P2H.14-02-26-33,LCC.AD.P2H.14-02-26-33-07,LCC.AD.P2H.26-02-14.414,partner+date+state+amount,P2H,Kassala,61062.64,,,,61062.64,0
matched,LCC.AD.P2H.14-02-26-33,LCC.AD.P2H.14-02-26-33-08,LCC.AD.P2H.26-02-14.413,partner+date+state+amount,P2H,Al Jazirah,77831.9,,,,77831.9,0
matched,LCC.AD.P2H.14-02-26-33,LCC.AD.P2H.14-02-26-33-09,LCC.AD.P2H.26-02-14.420,partner+date+state+amount,P2H,Sinar,62679.31,,,,62679.31,0
matched,LCC.AD.P2H.14-02-26-33,LCC.AD.P2H.14-02-26-33-10,LCC.AD.P2H.26-02-14.422,partner+date+state+amount,P2H,North Kordofan,70111.31,,,,70111.31,0
matched,LCC.AD.P2H.14-02-26-33,LCC.AD.P2H.14-02-26-33-11,LCC.AD.P2H.26-02-14.415,partner+date+state+amount,P2H,South Kordofan,70515.23,,,,70515.23,0
matched,LCC.AD.P2H.14-02-26-33,LCC.AD.P2H.14-02-26-33-12,LCC.AD.P2H.26-02-14.412,partner+date+state+amount,P2H,West Kordofan,71392.21,,,,71392.21,0
matched,LCC.AD.P2H.14-02-26-33,LCC.AD.P2H.14-02-26-33-13,LCC.AD.P2H.26-02-14.418,partner+date+state+amount,P2H,River Nile,66158.31,,,,66158.31,0
matched,LCC.AD.P2H.05-03-26-34,LCC.AD.P2H.05-03-26-34-01,LCC.AD.P2H.26-03-04.425,partner+state+amount,P2H,Khartoum,70381.51,,,,70381.51,0
matched,LCC.AD.P2H.05-03-26-34,LCC.AD.P2H.05-03-26-34-02,LCC.AD.P2H.26-03-04.450,partner+state+amount,P2H,Central Darfur,45161.08,,,,45161.08,0
matched,LCC.AD.P2H.05-03-26-34,LCC.AD.P2H.05-03-26-34-03,LCC.AD.P2H.26-03-04.451,partner+state+amount,P2H,West Darfur,29818.8,,,,29818.8,0
matched,LCC.AD.P2H.05-03-26-34,LCC.AD.P2H.05-03-26-34-04,LCC.AD.P2H.26-03-04.452,partner+state+amount,P2H,Kassala,31568.79,,,,31568.78,0.01
matched,LCC.AD.P2H.05-03-26-34,LCC.AD.P2H.05-03-26-34-05,LCC.AD.P2H.26-03-04.453,partner+state+amount,P2H,Sinar,36327.57,,,,36327.58,-0.01
matched,LCC.AD.P2H.05-03-26-34,LCC.AD.P2H.05-03-26-34-06,LCC.AD.P2H.26-03-04.454,partner+state+amount,P2H,South Kordofan,36742.25,,,,36742.25,0
matched,LCC.AD.P2H.11-03-26-35,LCC.AD.P2H.11-03-26-35-01,LCC.AD.P2H.26-03-11.455,partner+date+state+amount,P2H,North Darfur,44052.37,,,,44052.37,0
matched,LCC.AD.P2H.11-03-26-35,LCC.AD.P2H.11-03-26-35-02,LCC.AD.P2H.26-03-11.456,partner+date+state+amount,P2H,East Darfur,29384.72,,,,29384.72,0
matched,LCC.AD.P2H.11-03-26-35,LCC.AD.P2H.11-03-26-35-03,LCC.AD.P2H.26-03-11.457,partner+date+state+amount,P2H,Al Jazirah,35685.58,,,,35685.58,0
matched,LCC.AD.P2H.11-03-26-35,LCC.AD.P2H.11-03-26-35-04,LCC.AD.P2H.26-03-11.458,partner+date+state+amount,P2H,North Kordofan,33266.69,,,,33266.69,0
matched,LCC.AD.P2H.11-03-26-35,LCC.AD.P2H.11-03-26-35-05,LCC.AD.P2H.26-03-11.459,partner+date+state+amount,P2H,West Kordofan,33950.53,,,,33950.53,0
matched,LCC.AD.P2H.11-03-26-35,LCC.AD.P2H.11-03-26-35-06,LCC.AD.P2H.26-03-11.460,partner+date+state+amount,P2H,River Nile,32566.36,,,,32566.37,-0.01
matched,LCC.AD.P2H.11-03-26-35,LCC.AD.P2H.11-03-26-35-07,LCC.AD.P2H.26-03-11.461,partner+date+state+amount,P2H,Blue Nile,41093.75,,,,41093.74,0.01
matched,LCC.AD.P2H.26-03-26-37,LCC.AD.P2H.26-03-26-37-01,LCC.AD.P2H.26-03-26.463,partner+date+state+amount,P2H,North Darfur,48504.48,,,,48504.48,0
matched,LCC.AD.P2H.26-03-26-37,LCC.AD.P2H.26-03-26-37-02,LCC.AD.P2H.26-03-26.464,partner+date+state+amount,P2H,East Darfur,41162.67,,,,41162.67,0
matched,LCC.AD.P2H.26-03-26-37,LCC.AD.P2H.26-03-26-37-03,LCC.AD.P2H.26-03-26.465,partner+date+state+amount,P2H,Al Jazirah,45620.14,,,,45620.14,0
matched,LCC.AD.P2H.26-03-26-37,LCC.AD.P2H.26-03-26-37-05,LCC.AD.P2H.26-03-26.467,partner+date+state+amount,P2H,West Kordofan,37712.41,,,,37712.41,0
matched,LCC.AD.P2H.26-03-26-37,LCC.AD.P2H.26-03-26-37-06,LCC.AD.P2H.26-03-26.468,partner+date+state+amount,P2H,River Nile,36455.63,,,,36455.63,0
matched,LCC.AD.P2H.26-03-26-37,LCC.AD.P2H.26-03-26-37-07,LCC.AD.P2H.26-03-26.469,partner+date+state+amount,P2H,Blue Nile,25942.88,,,,25942.88,0
matched,LCC.AD.P2H.02-04-26-38,LCC.AD.P2H.02-04-26-38-01,LCC.AD.P2H.26-04-02.488,partner+date+state+amount,P2H,Khartoum,68698.21,,,,68698.2,0.01
matched,LCC.AD.P2H.02-04-26-38,LCC.AD.P2H.02-04-26-38-02,LCC.AD.P2H.26-04-02.484,partner+date+state+amount,P2H,Central Darfur,38175.87,,,,38175.87,0
matched,LCC.AD.P2H.02-04-26-38,LCC.AD.P2H.02-04-26-38-03,LCC.AD.P2H.26-04-02.483,partner+date+state+amount,P2H,West Darfur,29908.82,,,,29908.82,0
matched,LCC.AD.P2H.02-04-26-38,LCC.AD.P2H.02-04-26-38-04,LCC.AD.P2H.26-04-02.485,partner+date+state+amount,P2H,Kassala,28274.37,,,,28274.37,0
matched,LCC.AD.P2H.02-04-26-38,LCC.AD.P2H.02-04-26-38-05,LCC.AD.P2H.26-04-02.486,partner+date+state+amount,P2H,Sinar,33831.4,,,,33831.4,0
matched,LCC.AD.P2H.02-04-26-38,LCC.AD.P2H.02-04-26-38-06,LCC.AD.P2H.26-04-02.487,partner+date+state+amount,P2H,South Kordofan,51111.33,,,,51111.33,0
matched,LCC.AD.P2H.08-04-26-39,LCC.AD.P2H.08-04-26-39-01,LCC.AD.P2H.26-04-08.490,partner+date+state+amount,P2H,North Darfur,41105.37,,,,41105.37,0
matched,LCC.AD.P2H.08-04-26-39,LCC.AD.P2H.08-04-26-39-02,LCC.AD.P2H.26-04-08.491,partner+date+state+amount,P2H,East Darfur,31173.58,,,,31173.58,0
matched,LCC.AD.P2H.08-04-26-39,LCC.AD.P2H.08-04-26-39-03,LCC.AD.P2H.26-04-08.489,partner+date+state+amount,P2H,Al Jazirah,37800.41,,,,37800.41,0
matched,LCC.AD.P2H.08-04-26-39,LCC.AD.P2H.08-04-26-39-04,LCC.AD.P2H.26-04-08.492,partner+date+state+amount,P2H,North Kordofan,41949.9,,,,41949.9,0
matched,LCC.AD.P2H.08-04-26-39,LCC.AD.P2H.08-04-26-39-05,LCC.AD.P2H.26-04-08.493,partner+date+state+amount,P2H,West Kordofan,27962.88,,,,27962.88,0
matched,LCC.AD.P2H.08-04-26-39,LCC.AD.P2H.08-04-26-39-06,LCC.AD.P2H.26-04-08.494,partner+date+state+amount,P2H,River Nile,29308.57,,,,29308.57,0
matched,LCC.AD.P2H.08-04-26-39,LCC.AD.P2H.08-04-26-39-07,LCC.AD.P2H.26-04-08.495,partner+date+state+amount,P2H,Blue Nile,40699.29,,,,40699.28,0.01
matched,LCC.AD.P2H.22-04-26-41,LCC.AD.P2H.22-04-26-41-01,LCC.AD.P2H.26-04-22.509,partner+date+state+amount,P2H,North Darfur,93917.39,,,,93917.38,0.01
matched,LCC.AD.P2H.22-04-26-41,LCC.AD.P2H.22-04-26-41-02,LCC.AD.P2H.26-04-22.508,partner+date+state+amount,P2H,East Darfur,75754.69,,,,75754.69,0
matched,LCC.AD.P2H.22-04-26-41,LCC.AD.P2H.22-04-26-41-03,LCC.AD.P2H.26-04-22.510,partner+date+state+amount,P2H,Al Jazirah,88216.73,,,,88216.73,0
matched,LCC.AD.P2H.22-04-26-41,LCC.AD.P2H.22-04-26-41-04,LCC.AD.P2H.26-04-22.511,partner+date+state+amount,P2H,North Kordofan,97073.67,,,,97073.67,0
matched,LCC.AD.P2H.22-04-26-41,LCC.AD.P2H.22-04-26-41-05,LCC.AD.P2H.26-04-22.512,partner+date+state+amount,P2H,West Kordofan,70101.51,,,,70101.52,-0.01
matched,LCC.AD.P2H.22-04-26-41,LCC.AD.P2H.22-04-26-41-06,LCC.AD.P2H.26-04-22.513,partner+date+state+amount,P2H,River Nile,71436.01,,,,71436.01,0
matched,LCC.AD.P2H.24-04-26-42,LCC.AD.P2H.24-04-26-42-01,LCC.AD.P2H.26-05-05.595,partner+state+amount,P2H,Khartoum,215000,,,,215000,0
matched,LCC.AD.P2H.24-04-26-42,LCC.AD.P2H.24-04-26-42-02,LCC.AD.P2H.26-05-05.594,partner+state+amount,P2H,West Kordofan,20000,,,,20000,0
matched,LCC.AD.P2H.24-04-26-42,LCC.AD.P2H.24-04-26-42-03,LCC.AD.P2H.26-05-05.596,partner+state+amount,P2H,Blue Nile,60000,,,,60000,0
matched,LCC.AD.P2H.24-04-26-42,LCC.AD.P2H.24-04-26-42-04,LCC.AD.P2H.26-05-05.597,partner+state+amount,P2H,Sinar,20000,,,,20000,0
matched,LCC.AD.P2H.24-04-26-42,LCC.AD.P2H.24-04-26-42-05,LCC.AD.P2H.26-05-05.598,partner+state+amount,P2H,Al Jazirah,35000,,,,35000,0
matched,LCC.AD.P2H.24-04-26-42,LCC.AD.P2H.24-04-26-42-06,LCC.AD.P2H.26-05-05.599,partner+state+amount,P2H,Kassala,25000,,,,25000,0
matched,LCC.AD.P2H.24-04-26-42,LCC.AD.P2H.24-04-26-42-07,LCC.AD.P2H.26-05-05.600,partner+state+amount,P2H,South Darfur,120000,,,,120000,0
matched,LCC.AD.P2H.24-04-26-42,LCC.AD.P2H.24-04-26-42-08,LCC.AD.P2H.26-05-05.601,partner+state+amount,P2H,West Darfur,20000,,,,20000,0
matched,LCC.AD.P2H.24-04-26-42,LCC.AD.P2H.24-04-26-42-09,LCC.AD.P2H.26-05-05.602,partner+state+amount,P2H,East Darfur,85000,,,,85000,0
matched,LCC.AD.P2H.24-04-26-42,LCC.AD.P2H.24-04-26-42-10,LCC.AD.P2H.26-05-05.603,partner+state+amount,P2H,Central Darfur,65000,,,,65000,0
matched,LCC.AD.P2H.24-04-26-42,LCC.AD.P2H.24-04-26-42-11,LCC.AD.P2H.26-05-05.604,partner+state+amount,P2H,North Darfur,26000,,,,26000,0
matched,LCC.AD.P2H.24-04-26-42,LCC.AD.P2H.24-04-26-42-12,LCC.AD.P2H.26-05-05.605,partner+state+amount,P2H,River Nile,20000,,,,20000,0
matched,LCC.AD.P2H.24-04-26-42,LCC.AD.P2H.24-04-26-42-13,LCC.AD.P2H.26-05-05.606,partner+state+amount,P2H,North Kordofan,48000,,,,48000,0
matched,LCC.AD.P2H.24-04-26-42,LCC.AD.P2H.24-04-26-42-14,LCC.AD.P2H.26-05-05.607,partner+state+amount,P2H,South Kordofan,53000,,,,53000,0
matched,LCC.AD.P2H.24-04-26-42,LCC.AD.P2H.24-04-26-42-15,LCC.AD.P2H.26-05-05.608,partner+state+amount,P2H,Northern,20000,,,,20000,0
matched,LCC.AD.P2H.24-04-26-42,LCC.AD.P2H.24-04-26-42-16,LCC.AD.P2H.26-05-05.609,partner+state+amount,P2H,WSRR Pool,168000,,,,168000,0
matched,LCC.AD.P2H.04-05-26-43,LCC.AD.P2H.04-05-26-43-01,LCC.AD.P2H.26-05-04.515,partner+date+state+amount,P2H,Khartoum,264979.72,,,,264979.72,0
matched,LCC.AD.P2H.04-05-26-43,LCC.AD.P2H.04-05-26-43-02,LCC.AD.P2H.26-05-04.514,partner+date+state+amount,P2H,West Darfur,134455.09,,,,134455.09,0
matched,LCC.AD.P2H.04-05-26-43,LCC.AD.P2H.04-05-26-43-03,LCC.AD.P2H.26-05-04.516,partner+date+state+amount,P2H,Kassala,104065.19,,,,104065.19,0
matched,LCC.AD.P2H.07-05-26-44,LCC.AD.P2H.07-05-26-44-01,LCC.AD.P2H.26-05-07.517,partner+date+state+amount,P2H,Al Jazirah,154050.55,,,,154050.55,0
matched,LCC.AD.P2H.07-05-26-44,LCC.AD.P2H.07-05-26-44-02,LCC.AD.P2H.26-05-07.518,partner+date+state+amount,P2H,North Kordofan,165122.63,,,,165122.63,0
matched,LCC.AD.P2H.07-05-26-44,LCC.AD.P2H.07-05-26-44-03,LCC.AD.P2H.26-05-07.519,partner+date+state+amount,P2H,West Kordofan,70809.71,,,,70809.71,0
matched,LCC.AD.P2H.07-05-26-44,LCC.AD.P2H.07-05-26-44-04,LCC.AD.P2H.26-05-07.520,partner+date+state+amount,P2H,River Nile,116854.8,,,,116854.81,-0.01
matched,LCC.AD.P2H.13-05-26-45,LCC.AD.P2H.13-05-26-45-01,LCC.AD.P2H.26-05-13.528,partner+date+state+amount,P2H,Khartoum,140001.17,,,,140001.17,0
matched,LCC.AD.P2H.13-05-26-45,LCC.AD.P2H.13-05-26-45-02,LCC.AD.P2H.26-05-13.524,partner+date+state+amount,P2H,Central Darfur,71061,,,,71061,0
matched,LCC.AD.P2H.13-05-26-45,LCC.AD.P2H.13-05-26-45-03,LCC.AD.P2H.26-05-13.523,partner+date+state+amount,P2H,West Darfur,65810.63,,,,65810.63,0
matched,LCC.AD.P2H.13-05-26-45,LCC.AD.P2H.13-05-26-45-04,LCC.AD.P2H.26-05-13.525,partner+date+state+amount,P2H,Kassala,54338.54,,,,54338.54,0
matched,LCC.AD.P2H.13-05-26-45,LCC.AD.P2H.13-05-26-45-05,LCC.AD.P2H.26-05-13.526,partner+date+state+amount,P2H,Sinar,66829.21,,,,66829.21,0
matched,LCC.AD.P2H.13-05-26-45,LCC.AD.P2H.13-05-26-45-06,LCC.AD.P2H.26-05-13.527,partner+date+state+amount,P2H,South Kordofan,101959.45,,,,101959.45,0
matched,LCC.AD.P2H.20-05-26-46,LCC.AD.P2H.20-05-26-46-01,LCC.AD.P2H.26-05-20.529,partner+date+state+amount,P2H,North Darfur,132637.5,,,,132637.5,0
matched,LCC.AD.P2H.20-05-26-46,LCC.AD.P2H.20-05-26-46-02,LCC.AD.P2H.26-05-20.530,partner+date+state+amount,P2H,East Darfur,87059.11,,,,87059.11,0
matched,LCC.AD.P2H.20-05-26-46,LCC.AD.P2H.20-05-26-46-03,LCC.AD.P2H.26-05-20.531,partner+date+state+amount,P2H,Al Jazirah,107826.85,,,,107826.85,0
matched,LCC.AD.P2H.20-05-26-46,LCC.AD.P2H.20-05-26-46-04,LCC.AD.P2H.26-05-20.532,partner+date+state+amount,P2H,West Kordofan,96138.31,,,,96138.31,0
matched,LCC.AD.P2H.20-05-26-46,LCC.AD.P2H.20-05-26-46-05,LCC.AD.P2H.26-05-20.533,partner+date+state+amount,P2H,River Nile,76338.23,,,,76338.23,0
matched,MAG.AD.P2H.20-05-26-47,LCC.AD.P2H.20-05-26-47-01,LCC.AD.P2H.26-05-24.522,partner+state+amount,P2H,Cross Borden,91000,,,,91000,0
matched,MAG.AD.P2H.20-05-26-47,LCC.AD.P2H.20-05-26-47-02,LCC.AD.P2H.26-05-06.534,partner+state+amount,P2H,Khartoum,35000,,,,35000,0
matched,MAG.AD.P2H.20-05-26-47,LCC.AD.P2H.20-05-26-47-03,LCC.AD.P2H.26-05-06.535,partner+state+amount,P2H,South Darfur,5000,,,,5000,0
matched,MAG.AD.P2H.20-05-26-47,LCC.AD.P2H.20-05-26-47-04,LCC.AD.P2H.26-05-06.536,partner+state+amount,P2H,South Kordofan,5000,,,,5000,0
matched,MAG.AD.P2H.20-05-26-47,LCC.AD.P2H.20-05-26-47-05,LCC.AD.P2H.26-05-06.537,partner+state+amount,P2H,East Darfur,22000,,,,22000,0
matched,MAG.AD.P2H.20-05-26-47,LCC.AD.P2H.20-05-26-47-07,LCC.AD.P2H.26-05-06.539,partner+state+amount,P2H,Central Darfur,3000,,,,3000,0
matched,MAG.AD.P2H.20-05-26-47,LCC.AD.P2H.20-05-26-47-08,LCC.AD.P2H.26-05-06.540,partner+state+amount,P2H,North Kordofan,20000,,,,20000,0
matched,LCC.AD.P2H.02-06-26-50-01,LCC.AD.P2H.02-06-26-50-01-01,LCC.AD.P2H.26-06-02.563,partner+date+state+amount,P2H,Khartoum,126626.47,,,,126626.47,0
matched,LCC.AD.P2H.02-06-26-50-01,LCC.AD.P2H.02-06-26-50-01-02,LCC.AD.P2H.26-06-02.569,partner+date+state+amount,P2H,South Darfur,71476,,,,71476,0
matched,LCC.AD.P2H.02-06-26-50-01,LCC.AD.P2H.02-06-26-50-01-03,LCC.AD.P2H.26-06-02.564,partner+date+state+amount,P2H,Central Darfur,51051.49,,,,51051.49,0
matched,LCC.AD.P2H.02-06-26-50-01,LCC.AD.P2H.02-06-26-50-01-04,LCC.AD.P2H.26-06-02.565,partner+date+state+amount,P2H,West Darfur,56064.27,,,,56064.27,0
matched,LCC.AD.P2H.02-06-26-50-01,LCC.AD.P2H.02-06-26-50-01-05,LCC.AD.P2H.26-06-02.566,partner+date+state+amount,P2H,Kassala,50730.98,,,,50730.98,0
matched,LCC.AD.P2H.02-06-26-50-01,LCC.AD.P2H.02-06-26-50-01-06,LCC.AD.P2H.26-06-02.567,partner+date+state+amount,P2H,Sinar,53763.86,,,,53763.86,0
matched,LCC.AD.P2H.02-06-26-50-01,LCC.AD.P2H.02-06-26-50-01-07,LCC.AD.P2H.26-06-02.568,partner+date+state+amount,P2H,South Kordofan,90286.93,,,,90286.93,0
matched,LCC.AD.Avz.02-06-26-50-02,LCC.AD.Avz.02-06-26-50-02-01,LCC.AD.Avaaz.26-06-02.549,partner+date+state+amount,Avaaz,Khartoum,60147.57,,,,60147.57,0
matched,LCC.AD.Avz.02-06-26-50-02,LCC.AD.Avz.02-06-26-50-02-02,LCC.AD.Avaaz.26-06-02.555,partner+date+state+amount,Avaaz,South Darfur,33951.1,,,,33951.1,0
matched,LCC.AD.Avz.02-06-26-50-02,LCC.AD.Avz.02-06-26-50-02-03,LCC.AD.Avaaz.26-06-02.550,partner+date+state+amount,Avaaz,Central Darfur,24249.46,,,,24249.46,0
matched,LCC.AD.Avz.02-06-26-50-02,LCC.AD.Avz.02-06-26-50-02-04,LCC.AD.Avaaz.26-06-02.551,partner+date+state+amount,Avaaz,West Darfur,26630.53,,,,26630.53,0
matched,LCC.AD.Avz.02-06-26-50-02,LCC.AD.Avz.02-06-26-50-02-05,LCC.AD.Avaaz.26-06-02.552,partner+date+state+amount,Avaaz,Kassala,24097.21,,,,24097.21,0
matched,LCC.AD.Avz.02-06-26-50-02,LCC.AD.Avz.02-06-26-50-02-06,LCC.AD.Avaaz.26-06-02.553,partner+date+state+amount,Avaaz,Sinar,25537.84,,,,25537.84,0
matched,LCC.AD.Avz.02-06-26-50-02,LCC.AD.Avz.02-06-26-50-02-07,LCC.AD.Avaaz.26-06-02.554,partner+date+state+amount,Avaaz,South Kordofan,42886.29,,,,42886.29,0
matched,LCC.AD.P2H.03-06-26-51-01,LCC.AD.P2H.03-06-26-51-01-01,LCC.AD.P2H.26-06-03.556,partner+date+state+amount,P2H,North Darfur,88529.64,,,,88529.64,0
matched,LCC.AD.P2H.03-06-26-51-01,LCC.AD.P2H.03-06-26-51-01-02,LCC.AD.P2H.26-06-03.557,partner+date+state+amount,P2H,East Darfur,66536.31,,,,66536.31,0
matched,LCC.AD.P2H.03-06-26-51-01,LCC.AD.P2H.03-06-26-51-01-03,LCC.AD.P2H.26-06-03.558,partner+date+state+amount,P2H,Al Jazirah,84045.91,,,,84045.91,0
matched,LCC.AD.P2H.03-06-26-51-01,LCC.AD.P2H.03-06-26-51-01-04,LCC.AD.P2H.26-06-03.559,partner+date+state+amount,P2H,North Kordofan,83972.96,,,,83972.96,0
matched,LCC.AD.P2H.03-06-26-51-01,LCC.AD.P2H.03-06-26-51-01-05,LCC.AD.P2H.26-06-03.560,partner+date+state+amount,P2H,West Kordofan,78484.42,,,,78484.42,0
matched,LCC.AD.P2H.03-06-26-51-01,LCC.AD.P2H.03-06-26-51-01-06,LCC.AD.P2H.26-06-03.561,partner+date+state+amount,P2H,River Nile,52728.15,,,,52728.15,0
matched,LCC.AD.P2H.03-06-26-51-01,LCC.AD.P2H.03-06-26-51-01-07,LCC.AD.P2H.26-06-03.562,partner+date+state+amount,P2H,Blue Nile,45702.61,,,,45702.61,0
matched,LCC.AD.Avz.03-06-26-51-02,LCC.AD.Avz.03-06-26-51-02-01,LCC.AD.Avaaz.26-06-03.543,partner+date+state+amount,Avaaz,North Darfur,42050.95,,,,42050.95,0
matched,LCC.AD.Avz.03-06-26-51-02,LCC.AD.Avz.03-06-26-51-02-02,LCC.AD.Avaaz.26-06-03.542,partner+date+state+amount,Avaaz,East Darfur,31604.28,,,,31604.28,0
matched,LCC.AD.Avz.03-06-26-51-02,LCC.AD.Avz.03-06-26-51-02-03,LCC.AD.Avaaz.26-06-03.544,partner+date+state+amount,Avaaz,Al Jazirah,39921.21,,,,39921.21,0
matched,LCC.AD.Avz.03-06-26-51-02,LCC.AD.Avz.03-06-26-51-02-04,LCC.AD.Avaaz.26-06-03.545,partner+date+state+amount,Avaaz,North Kordofan,39886.57,,,,39886.57,0
matched,LCC.AD.Avz.03-06-26-51-02,LCC.AD.Avz.03-06-26-51-02-05,LCC.AD.Avaaz.26-06-03.546,partner+date+state+amount,Avaaz,West Kordofan,37279.55,,,,37279.55,0
matched,LCC.AD.Avz.03-06-26-51-02,LCC.AD.Avz.03-06-26-51-02-06,LCC.AD.Avaaz.26-06-03.547,partner+date+state+amount,Avaaz,River Nile,25045.51,,,,25045.51,0
matched,LCC.AD.Avz.03-06-26-51-02,LCC.AD.Avz.03-06-26-51-02-07,LCC.AD.Avaaz.26-06-03.548,partner+date+state+amount,Avaaz,Blue Nile,21711.93,,,,21711.93,0
matched,LCC.AD.P2H.11-06-26-54,LCC.AD.P2H.11-06-26-54-01,LCC.AD.P2H.26-06-11.570,partner+date+state+amount,P2H,Khartoum,176580.56,,,,176580.56,0
matched,LCC.AD.P2H.11-06-26-54,LCC.AD.P2H.11-06-26-54-02,LCC.AD.P2H.26-06-11.571,partner+date+state+amount,P2H,West Darfur,67582.56,,,,67582.56,0
matched,LCC.AD.P2H.11-06-26-54,LCC.AD.P2H.11-06-26-54-03,LCC.AD.P2H.26-06-11.572,partner+date+state+amount,P2H,Kassala,67704.29,,,,67704.29,0
matched,LCC.AD.P2H.11-06-26-54,LCC.AD.P2H.11-06-26-54-04,LCC.AD.P2H.26-06-11.573,partner+date+state+amount,P2H,Sinar,75300.91,,,,75300.91,0
matched,LCC.AD.P2H.11-06-26-54,LCC.AD.P2H.11-06-26-54-05,LCC.AD.P2H.26-06-11.574,partner+date+state+amount,P2H,South Kordofan,112831.69,,,,112831.69,0
matched,LCC.AD.P2H.17-06-26-55,LCC.AD.P2H.17-06-26-55-01,LCC.AD.P2H.26-06-17.575,partner+date+state+amount,P2H,North Darfur,178886.46,,,,178886.46,0
matched,LCC.AD.P2H.17-06-26-55,LCC.AD.P2H.17-06-26-55-02,LCC.AD.P2H.26-06-17.576,partner+date+state+amount,P2H,East Darfur,109545.03,,,,109545.03,0
matched,LCC.AD.P2H.17-06-26-55,LCC.AD.P2H.17-06-26-55-03,LCC.AD.P2H.26-06-17.577,partner+date+state+amount,P2H,Al Jazirah,131504.82,,,,131504.82,0
matched,LCC.AD.P2H.17-06-26-55,LCC.AD.P2H.17-06-26-55-04,LCC.AD.P2H.26-06-17.578,partner+date+state+amount,P2H,River Nile,80063.69,,,,80063.69,0
matched,LCC.AD.P2H.24-06-26-57,LCC.AD.P2H.20-06-26-56-01,LCC.AD.P2H.26-06-24.581,partner+date+state+amount,P2H,Khartoum,61196.71,,,,61196.71,0
matched,LCC.AD.P2H.24-06-26-57,LCC.AD.P2H.20-06-26-56-02,LCC.AD.P2H.26-06-24.582,partner+date+state+amount,P2H,South Darfur,28740.72,,,,28740.72,0
matched,LCC.AD.P2H.24-06-26-57,LCC.AD.P2H.20-06-26-56-03,LCC.AD.P2H.26-06-24.583,partner+date+state+amount,P2H,West Darfur,27710.33,,,,27710.33,0
matched,LCC.AD.P2H.24-06-26-57,LCC.AD.P2H.20-06-26-56-04,LCC.AD.P2H.26-06-24.584,partner+date+state+amount,P2H,Kassala,24081.58,,,,24081.58,0
matched,LCC.AD.P2H.24-06-26-57,LCC.AD.P2H.20-06-26-56-05,LCC.AD.P2H.26-06-24.585,partner+date+state+amount,P2H,Sinar,29016.05,,,,29016.05,0
matched,LCC.AD.P2H.24-06-26-57,LCC.AD.P2H.20-06-26-56-06,LCC.AD.P2H.26-06-24.586,partner+date+state+amount,P2H,South Kordofan,29254.61,,,,29254.61,0
matched,LCC.AD.P2H.24-06-26-58,LCC.AD.P2H.20-06-26-57-01,LCC.AD.P2H.26-06-24.587,partner+date+state+amount,P2H,Khartoum,163801.17,,,,163801.18,-0.01
matched,LCC.AD.P2H.24-06-26-58,LCC.AD.P2H.20-06-26-57-02,LCC.AD.P2H.26-06-24.588,partner+date+state+amount,P2H,West Darfur,72914.07,,,,72914.07,0
matched,LCC.AD.P2H.24-06-26-58,LCC.AD.P2H.20-06-26-57-03,LCC.AD.P2H.26-06-24.589,partner+date+state+amount,P2H,Kassala,60122.02,,,,60122.02,0
matched,LCC.AD.P2H.24-06-26-58,LCC.AD.P2H.20-06-26-57-04,LCC.AD.P2H.26-06-24.590,partner+date+state+amount,P2H,Sinar,82119.46,,,,82119.46,0
matched,LCC.AD.P2H.24-06-26-58,LCC.AD.P2H.20-06-26-57-05,LCC.AD.P2H.26-06-24.591,partner+date+state+amount,P2H,South Kordofan,121043.28,,,,121043.28,0
matched,LCC.AD.P2H.14-05-25-11,LCC.AD.12-11-24-11-01,LCC.AD.P2H.25-05-21.72;LCC.AD.P2H.25-05-28.90,partner+state+split_amount,P2H,LCC,10000,,,,10000,0
matched,LCC.AD.P2H.14-05-25-11,LCC.AD.12-11-24-11-10,LCC.AD.P2H.25-05-21.73;LCC.AD.P2H.25-05-28.80,partner+state+split_amount,P2H,North Darfur,33199,,,,33199,0
matched,LCC.AD.P2H.14-05-25-11,LCC.AD.12-11-24-11-11,LCC.AD.P2H.25-05-21.74;LCC.AD.P2H.25-05-28.85,partner+state+split_amount,P2H,South Darfur,31278,,,,31278,0
matched,LCC.AD.P2H.14-05-25-11,LCC.AD.12-11-24-11-12,LCC.AD.P2H.25-05-21.75;LCC.AD.P2H.25-05-28.82,partner+state+split_amount,P2H,Central Darfur,27702,,,,27702,0
matched,LCC.AD.P2H.14-05-25-11,LCC.AD.12-11-24-11-13,LCC.AD.P2H.25-05-21.76;LCC.AD.P2H.25-05-28.86,partner+state+split_amount,P2H,West Darfur,20306,,,,20306,0
matched,LCC.AD.P2H.14-05-25-11,LCC.AD.12-11-24-11-14,LCC.AD.P2H.25-05-21.77;LCC.AD.P2H.25-05-28.83,partner+state+split_amount,P2H,Sinar,20308,,,,20309,-1
matched,LCC.AD.P2H.31-12-25-30,LCC.AD.P2H.31-12-25-30-01,LCC.AD.P2H.25-12-31.358;LCC.AD.P2H.25-12-31.366,partner+state+split_amount,P2H,Central Darfur,68668.58,,,,68668.58,0
matched,LCC.AD.P2H.15-04-26-40,LCC.AD.P2H.15-04-26-40-02,LCC.AD.P2H.26-04-15.497;LCC.AD.P2H.26-04-17.502,partner+state+split_amount,P2H,Central Darfur,79870.06,,,,79870.06,0
matched,LCC.AD.P2H.15-04-26-40,LCC.AD.P2H.15-04-26-40-03,LCC.AD.P2H.26-04-15.496;LCC.AD.P2H.26-04-17.504,partner+state+split_amount,P2H,West Darfur,64826.72,,,,64826.72,0
matched,LCC.AD.P2H.15-04-26-40,LCC.AD.P2H.15-04-26-40-04,LCC.AD.P2H.26-04-15.498;LCC.AD.P2H.26-04-17.505,partner+state+split_amount,P2H,Kassala,55127.95,,,,55027.95,100
matched,LCC.AD.P2H.15-04-26-40,LCC.AD.P2H.15-04-26-40-05,LCC.AD.P2H.26-04-15.499;LCC.AD.P2H.26-04-17.506,partner+state+split_amount,P2H,Sinar,70286.05,,,,70286.05,0
matched,LCC.AD.P2H.15-04-26-40,LCC.AD.P2H.15-04-26-40-06,LCC.AD.P2H.26-04-15.500;LCC.AD.P2H.26-04-17.507,partner+state+split_amount,P2H,South Kordofan,94991.53,,,,94992.23,-0.7
matched,LCC.AD.P2H.15-04-26-40,LCC.AD.P2H.15-04-26-40-01,LCC.AD.P2H.26-04-15.501;LCC.AD.P2H.26-04-17.503,partner+state+split_amount,P2H,Khartoum,128060,,,,127997,63
no_airtable_match,LCC.AD.P2H.16-01-25-06,LCC.AD.P2H.16-01-25-06-09,,,P2H,LCC,3050,LCC.AD.P2H.25-01-16,LCC.AD.P2H.25-01-16.31,LCC,7000,-3950
no_airtable_match,LCC.AD.DKH.08-03-25-08,LCC.AD.12-11-24-07-01,,,P2H,South Darfur,30450,LCC.AD.P2H.25-03-08,LCC.AD.P2H.25-03-08.49,South Darfur,27000,3450
no_airtable_match,LCC.AD.DKH.08-03-25-08,LCC.AD.12-11-24-07-03,,,P2H,East Darfur,27500,LCC.AD.P2H.25-03-08,LCC.AD.P2H.25-03-08.45,East Darfur,27000,500
no_airtable_match,LCC.AD.P2H.18-03-26-36,LCC.AD.P2H.24-03-26-36-01,,,P2H,Khartoum,58539.6,,,,,
no_airtable_match,LCC.AD.P2H.18-03-26-36,LCC.AD.P2H.24-03-26-36-02,,,P2H,South Darfur,27919.46,,,,,
no_airtable_match,LCC.AD.P2H.18-03-26-36,LCC.AD.P2H.24-03-26-36-03,,,P2H,Central Darfur,37609.86,,,,,
no_airtable_match,LCC.AD.P2H.18-03-26-36,LCC.AD.P2H.24-03-26-36-04,,,P2H,West Darfur,28853.13,,,,,
no_airtable_match,LCC.AD.P2H.18-03-26-36,LCC.AD.P2H.24-03-26-36-05,,,P2H,Kassala,26032.98,,,,,
no_airtable_match,LCC.AD.P2H.18-03-26-36,LCC.AD.P2H.24-03-26-36-06,,,P2H,Sinar,29523.62,,,,,
no_airtable_match,LCC.AD.P2H.18-03-26-36,LCC.AD.P2H.24-03-26-36-07,,,P2H,South Kordofan,41521.35,,,,,
no_airtable_match,LCC.AD.P2H.26-03-26-37,LCC.AD.P2H.26-03-26-37-04,,,P2H,North Kordofan,14601.79,LCC.AD.P2H.26-03-26,LCC.AD.P2H.26-03-26.466,South Kordofan,14601.79,0
no_airtable_match,MAG.AD.P2H.20-05-26-47,LCC.AD.P2H.20-05-26-47-06,,,P2H,West Darfur,3100,LCC.AD.P2H.26-05-06,LCC.AD.P2H.26-05-06.538,West Darfur,3000,100
no_airtable_match,LCC.AD.CDP.21-05-26-48,LCC.AD.P2H.21-05-26-48-01,,,CDP,North Darfur,,,,,,
no_airtable_match,LCC.AD.CDP.21-05-26-48,LCC.AD.P2H.21-05-26-48-02,,,CDP,East Darfur,,,,,,
no_airtable_match,LCC.AD.CDP.21-05-26-48,LCC.AD.P2H.21-05-26-48-03,,,CDP,Kassala,,,,,,
no_airtable_match,LCC.AD.CDP.21-05-26-48,LCC.AD.P2H.21-05-26-48-04,,,CDP,North Kordofan,,,,,,
no_airtable_match,LCC.AD.CDP.21-05-26-48,LCC.AD.P2H.21-05-26-48-05,,,CDP,South Kordofan,,,,,,
no_airtable_match,LCC.AD.CDP.21-05-26-48,LCC.AD.P2H.21-05-26-48-06,,,CDP,Blue Nile,,,,,,
no_airtable_match,LCC.AD.CDP.14-05-26-49,LCC.AD.CDP.14-05-26-49-07,,,CDP,Khartoum,,,,,,
no_airtable_match,LCC.AD.CDP.14-05-26-49,LCC.AD.CDP.14-05-26-49-08,,,CDP,South Darfur,,,,,,
no_airtable_match,LCC.AD.CDP.14-05-26-49,LCC.AD.CDP.14-05-26-49-09,,,CDP,West Darfur,,,,,,
no_airtable_match,LCC.AD.CDP.14-05-26-49,LCC.AD.CDP.14-05-26-49-10,,,CDP,Al Jazirah,,,,,,
no_airtable_match,LCC.AD.CDP.14-05-26-49,LCC.AD.CDP.14-05-26-49-11,,,CDP,Sinar,,,,,,
no_airtable_match,LCC.AD.CDP.14-05-26-49,LCC.AD.CDP.14-05-26-49-12,,,CDP,West Kordofan,,,,,,
no_airtable_match,LCC.AD.CDP.14-05-26-49,LCC.AD.CDP.14-05-26-49-13,,,CDP,River Nile,,,,,,
no_airtable_match,LCC.AD.CDP.03-06-26-52,LCC.AD.CDP.03-06-26-52-01,,,CDP,,,,,,,
no_airtable_match,LCC.AD.CDP.03-06-26-53,LCC.AD.CDP.03-06-26-53-01,,,CDP,,,,,,,
no_airtable_match,LCC.AD.P2H.20-06-26-56,LCC.AD.P2H.20-06-26-55-01,,,P2H,North Kordofan,2000000,,,,,
no_airtable_match,LCC.AD.P2H.01-07-26-59,LCC.AD.P2H.01-07-26-59-01,,,P2H,North Darfur,154909.77,,,,,
no_airtable_match,LCC.AD.P2H.01-07-26-59,LCC.AD.P2H.01-07-26-59-02,,,P2H,East Darfur,76574.05,,,,,
no_airtable_match,LCC.AD.P2H.01-07-26-59,LCC.AD.P2H.01-07-26-59-03,,,P2H,Al Jazirah,115971.8,,,,,
no_airtable_match,LCC.AD.P2H.01-07-26-59,LCC.AD.P2H.01-07-26-59-04,,,P2H,West Kordofan,109648.5,,,,,
no_airtable_match,LCC.AD.P2H.01-07-26-59,LCC.AD.P2H.01-07-26-59-05,,,P2H,River Nile,42895.88,,,,,
no_airtable_match,LCC.AD.P2H.01-07-26-60,LCC.AD.P2H.01-07-26-60-01,,,P2H,North Darfur,63742.1,,,,,
no_airtable_match,LCC.AD.P2H.01-07-26-60,LCC.AD.P2H.01-07-26-60-02,,,P2H,East Darfur,41602.66,,,,,
no_airtable_match,LCC.AD.P2H.01-07-26-60,LCC.AD.P2H.01-07-26-60-03,,,P2H,Al Jazirah,58114.95,,,,,
no_airtable_match,LCC.AD.P2H.01-07-26-60,LCC.AD.P2H.01-07-26-60-04,,,P2H,River Nile,23402.48,,,,,
no_airtable_match,LCC.AD.P2H.01-07-26-60,LCC.AD.P2H.01-07-26-60-05,,,P2H,Blue Nile,13137.81,,,,,
no_airtable_match,LCC.AD.P2H.08-07-26-61,LCC.AD.P2H.08-07-26-61-01,,,P2H,West Darfur,100000,,,,,
no_airtable_match,LCC.AD.P2H.08-07-26-62,LCC.AD.P2H.08-07-26-62-01,,,P2H,Khartoum,154863.6,,,,,
no_airtable_match,LCC.AD.P2H.08-07-26-62,LCC.AD.P2H.08-07-26-62-02,,,P2H,Central Darfur,37414.93,,,,,
no_airtable_match,LCC.AD.P2H.08-07-26-62,LCC.AD.P2H.08-07-26-62-03,,,P2H,West Darfur,71712.3,,,,,
no_airtable_match,LCC.AD.P2H.08-07-26-62,LCC.AD.P2H.08-07-26-62-04,,,P2H,Kassala,56049.44,,,,,
no_airtable_match,LCC.AD.P2H.08-07-26-62,LCC.AD.P2H.08-07-26-62-05,,,P2H,Sinar,70904.48,,,,,
no_airtable_match,LCC.AD.P2H.08-07-26-62,LCC.AD.P2H.08-07-26-62-06,,,P2H,South Kordofan,109055.25,,,,,
no_airtable_match,LCC.AD.P2H.15-07-26-63,LCC.AD.P2H.15-07-26-63-01,,,P2H,North Darfur,180573.42,,,,,
no_airtable_match,LCC.AD.P2H.15-07-26-63,LCC.AD.P2H.15-07-26-63-02,,,P2H,East Darfur,92813.35,,,,,
no_airtable_match,LCC.AD.P2H.15-07-26-63,LCC.AD.P2H.15-07-26-63-03,,,P2H,Al Jazirah,138534.88,,,,,
no_airtable_match,LCC.AD.P2H.15-07-26-63,LCC.AD.P2H.15-07-26-63-04,,,P2H,River Nile,88078.35,,,,,